ID,ContactName,IsPrimary,Mobile,Landline,Email
1,Darwin Berth,1,742-327-2544,684-437-5450,dberth0@php.net
2,Amelie Bagley,1,798-754-9183,321-126-6240,abagley1@tinypic.com
3,Brade Crus,1,722-998-4983,799-825-9286,bcrus2@state.gov
4,Gena Ringe,1,701-699-4873,739-920-8733,gringe3@apple.com
5,Janna Champness,1,279-789-9828,113-449-4403,jchampness4@newsvine.com
6,Lelia Jopling,1,257-911-7392,396-645-5261,ljopling5@purevolume.com
7,Guenna Kencott,1,977-861-8211,451-100-3535,gkencott6@webeden.co.uk
8,Jessey Matteau,1,895-234-0748,775-842-5391,jmatteau7@com.com
9,Corey Grayland,1,526-518-1478,854-910-1424,cgrayland8@cisco.com
10,Alys St. Hill,1,951-247-5050,807-609-3513,ast9@eventbrite.com
11,Issi Milburn,1,177-986-5153,818-189-7853,imilburna@jalbum.net
12,Sergio Louiset,1,339-167-3009,639-988-7260,slouisetb@edublogs.org
13,Amber Charette,1,758-153-2886,304-331-0706,acharettec@tinypic.com
14,Ferguson Martensen,1,150-419-2502,835-194-2834,fmartensend@youtu.be
15,Jo-ann Janew,1,426-445-0606,785-452-5644,jjanewe@wufoo.com
16,Gale Wellings,1,272-161-3351,726-354-3190,gwellingsf@harvard.edu
17,Gertrude Ofield,1,539-297-3123,681-708-9020,gofieldg@prweb.com
18,Bamby Gonzalvo,1,368-322-8589,991-953-3160,bgonzalvoh@cocolog-nifty.com
19,Celie Ainge,1,362-208-4295,711-934-2865,caingei@princeton.edu
20,Fernande Durie,1,912-313-0704,359-964-0899,fduriej@stumbleupon.com
21,Rubie Marcussen,1,889-769-1213,257-763-8372,rmarcussenk@wisc.edu
22,Darcie Dayborne,1,794-415-1696,114-581-3830,ddaybornel@godaddy.com
23,Myrwyn Garmey,1,708-575-1570,652-129-5357,mgarmeym@soundcloud.com
24,Mac Carsberg,1,710-387-2772,238-505-5119,mcarsbergn@si.edu
25,Rey Offen,1,666-406-0836,235-314-8265,roffeno@alibaba.com
26,Mehetabel Rentelll,1,875-607-1589,188-115-4742,mrentelllp@sohu.com
27,Alon Higgoe,1,712-191-7150,111-871-3711,ahiggoeq@e-recht24.de
28,Madeleine Courvert,1,243-551-4820,882-553-9655,mcourvertr@ihg.com
29,Cherice Bogey,1,505-801-9607,743-550-2678,cbogeys@mapquest.com
30,Erik Gammade,1,943-822-0598,339-644-5838,egammadet@blogger.com
31,Rafi Leaning,1,195-296-6643,798-321-0588,rleaningu@soup.io
32,Trent Stealfox,1,123-854-4508,609-698-8651,tstealfoxv@economist.com
33,Lola Mcsarry,1,173-589-3250,115-146-2784,lmcsarryw@usa.gov
34,Dede MacNeil,1,253-930-5885,372-395-1641,dmacneilx@eventbrite.com
35,Winthrop Rozenzweig,1,327-505-9107,321-229-3493,wrozenzweigy@cargocollective.com
36,Midge Pee,1,135-362-1629,843-275-5496,mpeez@webeden.co.uk
37,Kylynn Wetton,1,237-278-2859,146-454-6986,kwetton10@fotki.com
38,Orella Kestin,1,874-108-6122,743-382-8724,okestin11@yellowbook.com
39,Loni Corbould,1,412-106-2199,414-702-6074,lcorbould12@dell.com
40,Izabel Dartnall,1,498-618-3858,894-837-9295,idartnall13@webeden.co.uk
41,Denny Lowre,1,560-339-6214,668-872-8459,dlowre14@netscape.com
42,Ketty Cronchey,1,426-606-1216,199-745-7401,kcronchey15@de.vu
43,Sonnie Saffen,1,930-887-4892,398-715-6557,ssaffen16@canalblog.com
44,Karla Dewbury,1,257-810-9114,792-246-1811,kdewbury17@smugmug.com
45,Sherline Ingman,1,352-964-3417,581-694-0672,singman18@rambler.ru
46,Jayne Plett,1,761-132-7530,646-343-6443,jplett19@phpbb.com
47,Delly Veall,1,743-742-4842,169-371-3051,dveall1a@indiatimes.com
48,Davidson Pulford,1,740-608-6761,553-886-9112,dpulford1b@elpais.com
49,Gill Lenham,1,949-507-4938,970-661-4924,glenham1c@fc2.com
50,Yoko Dykes,1,606-203-5636,658-251-4098,ydykes1d@printfriendly.com
51,Bronnie Elham,1,559-668-0774,604-982-9980,belham1e@alibaba.com
52,Jefferson Wife,1,150-733-4643,996-516-4869,jwife1f@baidu.com
53,Kelley Garnett,1,926-422-2979,902-127-0130,kgarnett1g@kickstarter.com
54,Cooper Greenway,1,259-520-0848,557-153-2414,cgreenway1h@squarespace.com
55,Catlin Garroway,1,814-382-6849,248-930-7137,cgarroway1i@comsenz.com
56,Perle Barfield,1,800-588-7426,430-373-5792,pbarfield1j@google.ru
57,Philbert Bener,1,651-711-6162,902-380-1224,pbener1k@hao123.com
58,Roxana Blare,1,799-652-4125,319-457-6733,rblare1l@sun.com
59,Elisa Vanyard,1,472-122-3559,720-664-6873,evanyard1m@people.com.cn
60,Pierson China,1,986-282-1195,454-130-2145,pchina1n@nhs.uk
61,Janifer Skyrme,1,317-431-9835,384-473-1298,jskyrme1o@dedecms.com
62,Bevvy Dawney,1,182-774-1467,763-119-3314,bdawney1p@bandcamp.com
63,Bobina Osburn,1,458-614-7930,768-224-6705,bosburn1q@va.gov
64,Valentina Fenners,1,972-689-5203,867-393-2834,vfenners1r@nasa.gov
65,Serge Polly,1,837-395-2930,820-948-9613,spolly1s@go.com
66,Ruddy Taggett,1,886-373-6920,641-963-7047,rtaggett1t@fc2.com
67,Jemmy Lehrer,1,706-644-2281,908-767-4940,jlehrer1u@buzzfeed.com
68,Karil Sillett,1,584-429-8017,551-976-1933,ksillett1v@pbs.org
69,Gerrie Cordier,1,293-341-4004,389-867-1648,gcordier1w@xing.com
70,Launce Barry,1,121-626-7292,584-456-3864,lbarry1x@friendfeed.com
71,Bartlett Lightbowne,1,553-478-1182,490-111-0911,blightbowne1y@tripod.com
72,Nappy Gillespie,1,841-418-0249,932-797-8657,ngillespie1z@va.gov
73,Gaylor Twycross,1,665-489-2236,257-719-2926,gtwycross20@simplemachines.org
74,Jeth Tuddall,1,489-461-1519,168-527-6176,jtuddall21@chronoengine.com
75,Marlow Reboul,1,763-282-5498,340-289-5574,mreboul22@bluehost.com
76,Terrie Tremoille,1,222-796-3921,238-294-8391,ttremoille23@deviantart.com
77,Caresse Thorsen,1,499-568-8689,387-482-8825,cthorsen24@multiply.com
78,Jammal Elsbury,1,815-441-9034,596-861-3185,jelsbury25@360.cn
79,Ali Tuma,1,564-133-1711,595-393-0973,atuma26@washingtonpost.com
80,Ambrosi Gocher,1,737-486-7008,398-321-1561,agocher27@timesonline.co.uk
81,Nancie Kittoe,1,456-505-7451,452-532-4410,nkittoe28@businessinsider.com
82,Doralynn Shemmin,1,484-171-5428,172-308-2224,dshemmin29@dion.ne.jp
83,Alejandra Marfell,1,549-353-0039,459-554-6545,amarfell2a@reuters.com
84,Arlinda Caban,1,562-301-9087,454-535-5743,acaban2b@drupal.org
85,Aldridge Flatman,1,105-913-4306,738-588-1741,aflatman2c@constantcontact.com
86,Duffy Gallihawk,1,548-310-1432,818-715-8615,dgallihawk2d@acquirethisname.com
87,Jenn Penylton,1,115-950-5343,983-100-9197,jpenylton2e@tuttocitta.it
88,Tull Cutmare,1,534-528-8678,583-416-8513,tcutmare2f@tuttocitta.it
89,Seamus Townley,1,234-149-5194,870-448-5093,stownley2g@indiegogo.com
90,Richy Magauran,1,827-312-0068,336-986-7241,rmagauran2h@goodreads.com
91,Kitti Storton,1,359-752-2344,741-200-2859,kstorton2i@yolasite.com
92,Domenico Lazare,1,342-192-9274,832-856-6610,dlazare2j@imgur.com
93,Lenka Vearncomb,1,666-793-6889,799-993-9947,lvearncomb2k@vistaprint.com
94,Aeriela Bote,1,860-175-1678,143-494-7607,abote2l@drupal.org
95,Myriam Domonkos,1,101-363-5855,900-572-0027,mdomonkos2m@live.com
96,Fred Reckhouse,1,174-239-0608,697-210-1170,freckhouse2n@ow.ly
97,Cathee Avrahamov,1,573-516-9393,104-951-9005,cavrahamov2o@businessinsider.com
98,Bradley Fernely,1,636-516-7893,219-734-8214,bfernely2p@netscape.com
99,Roth Crolla,1,491-802-5662,653-259-1533,rcrolla2q@google.fr
100,Anderea Parren,1,190-876-5812,312-931-6585,aparren2r@wired.com
101,Faber Laurenzi,1,989-677-1639,824-277-2515,flaurenzi2s@china.com.cn
102,Shoshanna Calkin,1,377-914-5714,560-129-1934,scalkin2t@freewebs.com
103,Roland Coade,1,453-288-1345,758-142-4137,rcoade2u@seattletimes.com
104,Alina Keuneke,1,386-350-2528,241-364-0007,akeuneke2v@bluehost.com
105,Cyndia Markwelley,1,157-822-5605,520-838-4332,cmarkwelley2w@desdev.cn
106,Nevins Dowbakin,1,458-820-5587,661-739-9952,ndowbakin2x@drupal.org
107,Durward Malter,1,296-450-8489,678-130-7320,dmalter2y@squidoo.com
108,Correy Ashford,1,633-503-2278,113-358-8849,cashford2z@simplemachines.org
109,Nance Moubray,1,637-953-6196,436-310-6068,nmoubray30@tripod.com
110,Marc Andrys,1,286-501-2403,318-145-8851,mandrys31@sina.com.cn
111,Barbey Humm,1,131-268-0700,243-274-8562,bhumm32@hatena.ne.jp
112,Adaline Breming,1,335-736-9330,282-862-3482,abreming33@narod.ru
113,Cassi Sleightholme,1,590-353-5527,646-648-6511,csleightholme34@unblog.fr
114,Sher Padell,1,638-408-4451,853-343-3743,spadell35@adobe.com
115,Tobias Forty,1,971-863-2462,913-715-9993,tforty36@cloudflare.com
116,Erika Chagg,1,501-567-2276,545-831-8184,echagg37@exblog.jp
117,Lenard Dimmne,1,646-318-6277,515-316-8760,ldimmne38@washington.edu
118,Courtnay Gehricke,1,645-536-5824,207-566-5894,cgehricke39@japanpost.jp
119,Audrey Di Roberto,1,252-531-4123,304-760-7685,adi3a@cbsnews.com
120,Darda Lestor,1,106-816-1491,560-776-9946,dlestor3b@elegantthemes.com
121,Betteanne Youngman,1,932-448-1868,933-650-8338,byoungman3c@mlb.com
122,Josi Brasener,1,744-291-8160,217-562-8458,jbrasener3d@bigcartel.com
123,Averil Tunnoch,1,806-719-0479,577-786-9880,atunnoch3e@theguardian.com
124,Ermentrude Mobberley,1,540-185-4209,266-490-6056,emobberley3f@g.co
125,Ree Haycox,1,193-109-0260,552-368-4463,rhaycox3g@google.ru
126,Ingaborg Phette,1,660-944-7003,956-594-2496,iphette3h@weebly.com
127,Doria Wormstone,1,959-620-8609,462-575-6678,dwormstone3i@ca.gov
128,Jehanna Henricsson,1,381-532-4195,866-512-8228,jhenricsson3j@twitpic.com
129,Natala Scarman,1,472-241-9479,168-685-4648,nscarman3k@netvibes.com
130,Hardy Bohling,1,396-614-0317,629-544-4877,hbohling3l@1und1.de
131,Dirk Walles,1,347-621-5889,391-988-9724,dwalles3m@nsw.gov.au
132,Rosabel Cicculi,1,901-730-1058,631-993-0981,rcicculi3n@shutterfly.com
133,Layla Kinchin,1,333-725-3412,938-775-9197,lkinchin3o@hibu.com
134,Teressa Brettoner,1,326-664-6912,373-189-1371,tbrettoner3p@msu.edu
135,Cobbie Brigg,1,486-855-2624,219-456-4194,cbrigg3q@dyndns.org
136,Fae Follows,1,408-651-3022,764-693-4728,ffollows3r@umn.edu
137,Joellen Gabby,1,412-176-5067,318-684-9874,jgabby3s@independent.co.uk
138,Gray Boggis,1,770-678-7958,267-566-6969,gboggis3t@latimes.com
139,Prudy Blei,1,234-342-8365,335-940-1092,pblei3u@comcast.net
140,Bat McQuillen,1,631-704-7452,114-726-7326,bmcquillen3v@t-online.de
141,Ainslie Week,1,600-125-7360,536-828-3099,aweek3w@jiathis.com
142,Clarisse Candlish,1,189-580-6817,580-988-7112,ccandlish3x@weather.com
143,Quinlan Parkhouse,1,305-399-1488,952-892-2975,qparkhouse3y@house.gov
144,Fawne Giurio,1,351-832-4565,187-871-7141,fgiurio3z@home.pl
145,Hugues Lowerson,1,355-138-3754,342-900-2076,hlowerson40@buzzfeed.com
146,Paxton Yakobovitz,1,495-832-7977,492-813-8801,pyakobovitz41@devhub.com
147,Noellyn Keenleyside,1,694-671-5979,785-154-4087,nkeenleyside42@omniture.com
148,Carlin Ferrarese,1,575-590-8711,109-208-4948,cferrarese43@imdb.com
149,Carree Cattemull,1,257-243-5951,830-925-8655,ccattemull44@nasa.gov
150,Addie Manwaring,1,842-173-0181,257-850-2020,amanwaring45@cbc.ca
151,Jean Panner,1,727-192-4706,440-172-7408,jpanner46@xrea.com
152,Gram Kearford,1,783-530-2861,393-332-4335,gkearford47@sciencedaily.com
153,Rosa Elias,1,565-919-1968,551-784-1436,relias48@paypal.com
154,Anna-diane Facher,1,775-521-7581,159-263-7937,afacher49@indiegogo.com
155,Etheline Livoir,1,491-254-7423,262-169-0159,elivoir4a@ucoz.com
156,Ashley Jeppe,1,301-802-0442,767-686-5509,ajeppe4b@tinypic.com
157,Larisa Pinckney,1,616-475-9950,331-407-2984,lpinckney4c@hatena.ne.jp
158,Wilfred Marham,1,974-303-1938,299-206-5455,wmarham4d@youku.com
159,Adriano Lewendon,1,660-319-5893,704-303-0320,alewendon4e@prlog.org
160,Taddeo Surmeyers,1,587-201-5064,330-447-5807,tsurmeyers4f@netvibes.com
161,Clayborne Gheerhaert,1,410-911-4986,704-359-0583,cgheerhaert4g@mit.edu
162,Marthe Cranfield,1,735-613-0843,144-748-8863,mcranfield4h@columbia.edu
163,Ronda Randle,1,157-863-6444,302-873-4178,rrandle4i@symantec.com
164,Janos Rosendorf,1,862-843-7239,460-308-0054,jrosendorf4j@wiley.com
165,Mariana Pate,1,307-520-3853,868-751-4932,mpate4k@nsw.gov.au
166,Shaughn Lorenzetti,1,864-941-0935,426-815-3116,slorenzetti4l@nymag.com
167,Jana Finlow,1,898-372-8891,602-587-7504,jfinlow4m@latimes.com
168,Rabbi Beevors,1,218-494-2462,144-193-4689,rbeevors4n@answers.com
169,Horatius Coogan,1,296-494-3775,315-219-9290,hcoogan4o@phpbb.com
170,Marley Udale,1,734-962-2563,615-124-2349,mudale4p@vistaprint.com
171,Alfonse Greser,1,653-762-6241,667-902-7586,agreser4q@webmd.com
172,Gearard Glazer,1,745-463-0169,898-155-4337,gglazer4r@engadget.com
173,Kaila Burle,1,658-444-5791,380-675-2573,kburle4s@vkontakte.ru
174,Spike Scholefield,1,238-703-1576,696-216-1643,sscholefield4t@addthis.com
175,Zondra Dienes,1,269-339-9410,874-337-6485,zdienes4u@google.fr
176,Angeli Fossord,1,982-179-6285,889-137-4227,afossord4v@ow.ly
177,Alic Dewsnap,1,171-929-2003,535-887-7751,adewsnap4w@addtoany.com
178,Rodie Antoshin,1,261-526-8233,819-409-0824,rantoshin4x@businessweek.com
179,Stormy Brockhouse,1,316-378-1913,245-145-5472,sbrockhouse4y@dell.com
180,Boniface Duffy,1,511-345-9709,594-803-0895,bduffy4z@ask.com
181,Claribel Birkwood,1,404-609-7303,275-414-9250,cbirkwood50@ebay.co.uk
182,Dael Huddles,1,734-891-6205,616-663-2016,dhuddles51@disqus.com
183,Augustina Lorrie,1,304-751-0438,662-895-1698,alorrie52@nymag.com
184,Gilda Scardifield,1,815-710-6361,944-566-0664,gscardifield53@adobe.com
185,Abdul Simkiss,1,866-785-4038,338-766-2049,asimkiss54@europa.eu
186,Dale Marchbank,1,552-191-2146,450-340-3052,dmarchbank55@slashdot.org
187,Teri Dibb,1,862-639-3943,849-194-3135,tdibb56@msu.edu
188,Jesus Tunbridge,1,680-423-1575,512-646-2303,jtunbridge57@cbc.ca
189,Yulma Cuthill,1,509-932-4400,268-681-6564,ycuthill58@cdbaby.com
190,Konstantin Eckley,1,949-761-8443,721-611-7447,keckley59@privacy.gov.au
191,Niko Yurikov,1,388-880-1585,879-911-5187,nyurikov5a@aol.com
192,Donall Gourdon,1,258-903-8127,321-263-2109,dgourdon5b@shinystat.com
193,Consuela Portriss,1,229-610-8760,442-223-1057,cportriss5c@hc360.com
194,Pet Harnor,1,203-246-0459,314-296-6843,pharnor5d@dion.ne.jp
195,Ellie Alvarado,1,934-948-0136,469-587-3737,ealvarado5e@homestead.com
196,Torry Stannah,1,730-185-1437,252-556-0595,tstannah5f@istockphoto.com
197,Ardine Langelaan,1,499-682-5282,330-208-3736,alangelaan5g@woothemes.com
198,Edwina Andrieux,1,819-546-1953,994-709-6115,eandrieux5h@deviantart.com
199,Leighton Blemen,1,953-204-4146,712-795-2992,lblemen5i@ft.com
200,Garland De Malchar,1,597-413-5583,588-733-2968,gde5j@acquirethisname.com
201,Michaelina Cohrs,1,200-759-5882,653-652-0794,mcohrs5k@usatoday.com
202,Carrol Ongin,1,946-890-4233,411-947-9034,congin5l@smh.com.au
203,Anne McCrudden,1,502-959-8210,795-917-9329,amccrudden5m@paypal.com
204,Morris Garvan,1,760-281-1958,395-423-2833,mgarvan5n@deviantart.com
205,Brennan Ivanyushin,1,179-694-3542,524-913-4674,bivanyushin5o@blogtalkradio.com
206,Mirelle Martinetto,1,513-132-0893,112-515-9730,mmartinetto5p@businesswire.com
207,Pet Randleson,1,521-739-9577,901-734-2295,prandleson5q@ucsd.edu
208,Skippy Whyard,1,433-310-5876,354-515-4846,swhyard5r@surveymonkey.com
209,Udell Crutchley,1,229-956-1223,743-148-4820,ucrutchley5s@usda.gov
210,Ches Brunotti,1,821-455-0732,948-376-5231,cbrunotti5t@domainmarket.com
211,Kimberly Cozins,1,324-760-4125,142-883-6676,kcozins5u@weibo.com
212,Alexandre Romme,1,286-873-8239,952-412-8467,aromme5v@lulu.com
213,Gypsy Harbor,1,592-150-7153,661-862-9530,gharbor5w@upenn.edu
214,Jocelin Enochsson,1,568-431-4484,936-899-2559,jenochsson5x@google.co.uk
215,Viviyan Sichardt,1,805-559-9558,123-634-6610,vsichardt5y@blinklist.com
216,Susann Buttrum,1,221-666-6832,382-916-1757,sbuttrum5z@patch.com
217,Trip Aitken,1,307-331-5694,765-481-8946,taitken60@bravesites.com
218,Arleyne MacGraith,1,155-666-5691,425-570-8714,amacgraith61@amazon.com
219,Terese Theyer,1,771-276-9892,806-319-9223,ttheyer62@creativecommons.org
220,Abbe Claybourne,1,837-708-7122,256-428-2580,aclaybourne63@phoca.cz
221,Reinwald Jackson,1,712-558-8178,873-218-4374,rjackson64@vkontakte.ru
222,Bendix Cripps,1,862-664-2058,440-704-4974,bcripps65@squarespace.com
223,Guy Lawlee,1,536-137-4367,178-736-1569,glawlee66@xinhuanet.com
224,Cam Kell,1,100-418-6873,773-127-8053,ckell67@prweb.com
225,Clea Marcham,1,294-225-5082,987-669-2369,cmarcham68@home.pl
226,Elna Chattaway,1,610-123-3575,745-368-1519,echattaway69@vinaora.com
227,Evangelina Wainscot,1,948-295-4150,293-817-0008,ewainscot6a@seesaa.net
228,Francyne Holberry,1,447-949-0179,548-321-4881,fholberry6b@pcworld.com
229,Claude Roake,1,561-678-1692,728-910-7431,croake6c@facebook.com
230,Barnie Butte,1,306-372-9840,545-505-0522,bbutte6d@yale.edu
231,Paulie De Pero,1,620-766-0378,938-735-3036,pde6e@wikipedia.org
232,Casi Hastwall,1,325-463-2403,840-233-8017,chastwall6f@newyorker.com
233,Ana Clemmett,1,897-590-7843,603-765-0265,aclemmett6g@aboutads.info
234,Abram Bertelet,1,922-724-2924,775-795-2132,abertelet6h@eventbrite.com
235,Donal Chessum,1,468-199-1211,230-168-3421,dchessum6i@163.com
236,Bevin Debrett,1,199-817-1036,633-376-2136,bdebrett6j@163.com
237,Teddie Monteath,1,376-723-3656,171-798-6049,tmonteath6k@vk.com
238,Nicole Jouning,1,431-575-6651,182-946-3643,njouning6l@friendfeed.com
239,Karola Wyeth,1,169-376-6572,350-656-2667,kwyeth6m@hud.gov
240,Gannon Searchwell,1,335-576-5753,771-496-9120,gsearchwell6n@weibo.com
241,Rosabella MacRannell,1,113-151-2961,195-602-2374,rmacrannell6o@github.com
242,Zacherie Chilley,1,876-960-5702,370-578-7203,zchilley6p@photobucket.com
243,Lorens Sambles,1,192-156-0244,238-503-6813,lsambles6q@sogou.com
244,Isaiah Patton,1,796-106-6927,688-534-6176,ipatton6r@yale.edu
245,Tracey Myderscough,1,986-629-4694,134-345-4531,tmyderscough6s@imgur.com
246,Calvin Vagges,1,394-437-5930,465-487-2697,cvagges6t@i2i.jp
247,Carmine Raynham,1,808-199-4643,645-818-5540,craynham6u@godaddy.com
248,Nikolai Bernhardt,1,860-250-1789,330-134-0643,nbernhardt6v@symantec.com
249,Eartha Heyworth,1,748-310-5716,897-161-0771,eheyworth6w@naver.com
250,Grange Roumier,1,113-456-9983,408-656-9554,groumier6x@jugem.jp
251,Isidora Jozwik,1,933-561-3979,533-668-3700,ijozwik6y@npr.org
252,Binny Sultan,1,217-274-2206,813-640-6013,bsultan6z@ihg.com
253,Rozella Andriss,1,132-925-7711,513-192-4584,randriss70@printfriendly.com
254,Jocelin Brussell,1,311-228-6520,954-638-1884,jbrussell71@mit.edu
255,Bentlee Longdon,1,549-920-2015,847-862-6742,blongdon72@plala.or.jp
256,Lydie Darling,1,863-572-7618,536-349-1665,ldarling73@altervista.org
257,Sacha Reader,1,625-182-9567,936-234-5927,sreader74@goo.gl
258,Sashenka Goroni,1,272-904-8694,489-906-3202,sgoroni75@tinypic.com
259,Ciro O'Shesnan,1,699-949-9123,278-550-0810,coshesnan76@unc.edu
260,Sharla Lilleman,1,895-285-4124,236-964-3048,slilleman77@buzzfeed.com
261,Lara Over,1,700-795-6741,267-757-6546,lover78@purevolume.com
262,Felicle Orrocks,1,749-199-8856,651-503-4632,forrocks79@com.com
263,Frank Bantick,1,545-401-2505,858-547-1588,fbantick7a@mediafire.com
264,Eal Van Vuuren,1,523-703-4054,112-379-4916,evan7b@w3.org
265,Tybie Lugsdin,1,691-666-5383,500-420-8307,tlugsdin7c@sbwire.com
266,Joseph Torpie,1,396-625-1697,400-591-2853,jtorpie7d@webeden.co.uk
267,Letizia Miles,1,858-283-3705,984-106-6572,lmiles7e@howstuffworks.com
268,Elonore Loan,1,475-436-6355,655-407-8705,eloan7f@trellian.com
269,Alameda Branwhite,1,663-313-2052,654-604-9682,abranwhite7g@ox.ac.uk
270,Gilly Runchman,1,547-456-4698,786-921-6606,grunchman7h@com.com
271,Leyla Loxston,1,890-314-4496,397-404-7868,lloxston7i@bizjournals.com
272,Nerta Druce,1,838-454-6885,580-656-0100,ndruce7j@japanpost.jp
273,Kinna Burdin,1,686-471-2369,841-423-5285,kburdin7k@archive.org
274,Leanora Buzzing,1,369-314-6026,480-545-1519,lbuzzing7l@domainmarket.com
275,Latashia Roller,1,538-546-2460,484-440-0730,lroller7m@purevolume.com
276,Wallis Asprey,1,265-858-5250,835-162-7760,wasprey7n@cdc.gov
277,Diannne Shakeshaft,1,639-110-6202,468-602-5748,dshakeshaft7o@abc.net.au
278,Barby Blunden,1,197-212-8517,165-302-9596,bblunden7p@comcast.net
279,Nichole Siseland,1,620-798-5445,804-230-9929,nsiseland7q@intel.com
280,Eleni Stainson,1,453-104-0228,200-866-8589,estainson7r@nymag.com
281,Sloane Digance,1,109-886-7577,233-854-0200,sdigance7s@howstuffworks.com
282,Lucas Irce,1,828-709-3944,308-184-5352,lirce7t@telegraph.co.uk
283,Joachim Harwood,1,302-866-9639,357-277-9530,jharwood7u@vk.com
284,Greta Feldhorn,1,184-456-4548,613-996-0242,gfeldhorn7v@rambler.ru
285,Milton Ganforth,1,841-338-5617,175-555-2817,mganforth7w@last.fm
286,Ted Newiss,1,199-279-7440,745-430-1427,tnewiss7x@fotki.com
287,Catriona O'Donohue,1,155-425-9250,241-417-1056,codonohue7y@aboutads.info
288,Malinde Cammacke,1,613-538-9583,521-587-8523,mcammacke7z@twitpic.com
289,Clevey Yerrall,1,867-689-5378,137-187-1074,cyerrall80@state.tx.us
290,Morie Risley,1,170-683-8450,380-407-2497,mrisley81@nhs.uk
291,Krishna Joska,1,690-102-9354,253-654-9935,kjoska82@irs.gov
292,Nanni Domnin,1,675-592-8329,492-164-6358,ndomnin83@i2i.jp
293,Laurent Mayman,1,216-533-2301,731-634-7346,lmayman84@parallels.com
294,Julissa Aspey,1,731-572-5573,184-760-2889,jaspey85@goodreads.com
295,Christalle Tombleson,1,878-659-2794,952-432-3145,ctombleson86@amazon.de
296,Marleen McGilvray,1,806-747-1978,561-303-4532,mmcgilvray87@instagram.com
297,Geneva Mityakov,1,865-525-9520,121-986-6765,gmityakov88@phoca.cz
298,Marcella Poile,1,351-488-1008,305-398-4940,mpoile89@drupal.org
299,Silvain Saterthwait,1,237-822-7932,748-495-9326,ssaterthwait8a@symantec.com
300,Sada Erie,1,822-807-8474,526-301-4178,serie8b@e-recht24.de
301,Hillard Watman,1,519-611-9166,676-561-5836,hwatman8c@themeforest.net
302,Lola O'Mara,1,124-719-0208,661-730-5552,lomara8d@techcrunch.com
303,Fredek Ortsmann,1,145-123-2155,102-252-1918,fortsmann8e@cloudflare.com
304,Corabella Allot,1,836-253-4018,423-259-5183,callot8f@usgs.gov
305,Bellina Selburn,1,480-786-6664,167-320-9080,bselburn8g@cnn.com
306,Germana Yitzhok,1,612-907-1144,367-440-0138,gyitzhok8h@dedecms.com
307,Rosco Advani,1,890-162-2546,969-213-6711,radvani8i@ox.ac.uk
308,Osbourne Gladeche,1,626-409-7661,846-711-9894,ogladeche8j@shutterfly.com
309,Gray Bullingham,1,687-584-4912,218-297-4987,gbullingham8k@simplemachines.org
310,Jacquetta Fromont,1,825-620-7070,632-765-2575,jfromont8l@statcounter.com
311,Kalil McFeat,1,241-880-6935,885-756-2049,kmcfeat8m@studiopress.com
312,Aluino Kroll,1,897-280-9451,577-657-4675,akroll8n@booking.com
313,Mendel Rohlfs,1,874-183-6147,856-408-8908,mrohlfs8o@trellian.com
314,Tana Kempton,1,782-133-1345,501-366-2631,tkempton8p@cbsnews.com
315,Elvina Neumann,1,922-602-2084,210-371-9064,eneumann8q@shinystat.com
316,Portie Bysouth,1,324-917-1147,239-121-3152,pbysouth8r@nytimes.com
317,Terry Rodman,1,530-651-6725,476-561-2206,trodman8s@bbb.org
318,Farah Scotchford,1,136-521-4783,512-654-8606,fscotchford8t@mayoclinic.com
319,Omero Palfreman,1,347-124-6976,310-295-6640,opalfreman8u@cbc.ca
320,Wanda Melloi,1,363-462-2061,785-893-6462,wmelloi8v@yale.edu
321,Hoebart Adamik,1,431-565-8060,171-623-8004,hadamik8w@jimdo.com
322,Ariela Hornbuckle,1,282-705-9497,817-652-3417,ahornbuckle8x@telegraph.co.uk
323,Bessy Curnnok,1,149-774-0627,958-545-1196,bcurnnok8y@a8.net
324,Olag Joney,1,430-725-6591,695-897-6414,ojoney8z@opera.com
325,Kellie Petracek,1,212-178-4585,417-384-1388,kpetracek90@google.de
326,Gibbie Topper,1,322-215-5433,241-626-8178,gtopper91@domainmarket.com
327,Simonne Tieraney,1,686-921-9515,691-769-4203,stieraney92@berkeley.edu
328,Addi Cahalan,1,748-279-7869,534-175-3585,acahalan93@creativecommons.org
329,Shani Obern,1,250-663-8281,530-601-9282,sobern94@wordpress.org
330,Arlee Gawkroge,1,737-912-7589,562-201-6162,agawkroge95@nifty.com
331,Morgan Conradsen,1,784-874-0565,353-626-7660,mconradsen96@answers.com
332,Lura Calfe,1,891-176-0888,218-178-3091,lcalfe97@weather.com
333,Morena Addicott,1,952-758-3857,811-991-8056,maddicott98@narod.ru
334,Kariotta Ducastel,1,877-709-7781,723-741-5309,kducastel99@mtv.com
335,Bobbee Gerhold,1,449-444-6013,932-210-1705,bgerhold9a@1688.com
336,Joey MacCosto,1,786-123-4821,968-959-6829,jmaccosto9b@unicef.org
337,Estell Mehaffey,1,809-974-2947,431-603-8471,emehaffey9c@weebly.com
338,Jayme Ashforth,1,714-727-4725,728-635-9944,jashforth9d@gov.uk
339,Maury Redgewell,1,901-199-5188,318-407-0399,mredgewell9e@blogspot.com
340,Erin Pitcaithley,1,811-394-6625,172-596-7606,epitcaithley9f@elpais.com
341,Cyndia Omond,1,763-562-9477,688-104-2189,comond9g@google.com.hk
342,Ritchie Freshwater,1,478-828-9770,483-627-5063,rfreshwater9h@twitter.com
343,Wait Geyton,1,383-546-4150,708-173-5727,wgeyton9i@disqus.com
344,Vina Bentzen,1,748-765-0073,838-383-8785,vbentzen9j@biglobe.ne.jp
345,Henrik Bassilashvili,1,194-296-3049,266-256-4364,hbassilashvili9k@mediafire.com
346,Maryjo Nolte,1,732-406-1566,907-110-6809,mnolte9l@liveinternet.ru
347,Verney Askwith,1,717-484-1022,667-937-6492,vaskwith9m@house.gov
348,Rayna Mattea,1,509-888-9668,155-483-0637,rmattea9n@un.org
349,Leonora Hamblyn,1,670-998-5128,169-808-9686,lhamblyn9o@loc.gov
350,Robin Shrimptone,1,169-232-6932,188-283-2426,rshrimptone9p@fda.gov
351,Siward Polendine,1,667-199-2070,546-476-2368,spolendine9q@nymag.com
352,James Gildersleaves,1,976-954-3981,510-997-2585,jgildersleaves9r@webs.com
353,Louisette Cinelli,1,354-837-2323,420-892-8581,lcinelli9s@senate.gov
354,Lindie Sturdgess,1,580-572-0628,599-878-6473,lsturdgess9t@ucoz.com
355,Josefina Pritty,1,188-319-6976,275-738-3096,jpritty9u@epa.gov
356,Jenny Skirvane,1,101-809-2576,826-191-8705,jskirvane9v@nhs.uk
357,Andree Morrott,1,950-797-5977,400-195-8148,amorrott9w@goo.ne.jp
358,Genna Boughtwood,1,286-602-2805,414-297-7590,gboughtwood9x@usa.gov
359,Winni Grocock,1,110-499-3101,579-123-1738,wgrocock9y@home.pl
360,Ashia Lucas,1,131-665-7763,434-346-6830,alucas9z@hc360.com
361,Manfred MacRanald,1,976-840-4573,285-740-6323,mmacranalda0@japanpost.jp
362,Asher Freeberne,1,517-465-4928,161-646-2387,afreebernea1@netvibes.com
363,Alix Smeeth,1,418-864-2672,934-175-5838,asmeetha2@webeden.co.uk
364,Salomone Trubshawe,1,982-888-0941,781-740-9592,strubshawea3@microsoft.com
365,Kerrie Pallasch,1,193-499-5301,655-365-0411,kpallascha4@prnewswire.com
366,Marlene Canti,1,665-561-9289,372-447-5386,mcantia5@bizjournals.com
367,Manfred Parkyns,1,432-766-2816,669-145-1530,mparkynsa6@over-blog.com
368,Janette Coulson,1,271-602-8562,599-515-2066,jcoulsona7@disqus.com
369,Nessie Cockroft,1,215-446-1195,828-935-2617,ncockrofta8@feedburner.com
370,Chandra Livingstone,1,773-643-6050,541-854-6449,clivingstonea9@sfgate.com
371,Irita Shannon,1,912-994-1418,582-593-6765,ishannonaa@aboutads.info
372,Andres Clawe,1,899-512-4750,981-145-5481,aclaweab@behance.net
373,Alden Rule,1,755-574-8152,769-122-8110,aruleac@ameblo.jp
374,Yasmin Giorgiutti,1,441-528-9851,356-767-1717,ygiorgiuttiad@cocolog-nifty.com
375,Catherin Kuller,1,667-900-9491,584-958-4695,ckullerae@newsvine.com
376,Antin Thornley,1,427-933-7641,343-729-2579,athornleyaf@mlb.com
377,Odilia Wallice,1,582-256-9186,249-833-9324,owalliceag@engadget.com
378,Darya Halcro,1,246-970-5098,307-571-7487,dhalcroah@elpais.com
379,Ulises Bains,1,444-460-9369,298-576-2995,ubainsai@utexas.edu
380,Tomi Kauffman,1,408-671-9466,102-466-4531,tkauffmanaj@ucsd.edu
381,Yasmeen Espin,1,554-687-3422,267-890-8518,yespinak@slate.com
382,Xylia Armal,1,421-381-4159,520-725-8729,xarmalal@uol.com.br
383,Ki Henrique,1,332-136-9561,293-280-6638,khenriqueam@miibeian.gov.cn
384,Thomasina Ells,1,982-508-9537,898-988-9903,tellsan@redcross.org
385,Aleda Hufton,1,908-213-9908,762-613-0487,ahuftonao@illinois.edu
386,Matty Frankes,1,622-643-3990,336-505-9603,mfrankesap@unc.edu
387,Ashley Basden,1,311-822-7730,162-695-7246,abasdenaq@cafepress.com
388,Bamby Laming,1,927-956-9993,200-256-5465,blamingar@a8.net
389,Evelyn Getcliffe,1,435-993-5391,496-679-3249,egetcliffeas@dropbox.com
390,Nickey Chesswas,1,527-342-5251,295-292-1912,nchesswasat@liveinternet.ru
391,Bastian Chrichton,1,532-280-3071,271-300-2043,bchrichtonau@salon.com
392,Jermain Boumphrey,1,614-871-4745,429-186-7098,jboumphreyav@booking.com
393,Alyosha Greenlies,1,436-852-5060,591-307-3068,agreenliesaw@blinklist.com
394,Sigvard House,1,883-593-9826,585-629-4658,shouseax@upenn.edu
395,Jethro McKelvey,1,845-324-4685,664-509-6104,jmckelveyay@statcounter.com
396,Merrill Sturm,1,175-356-8007,357-697-2191,msturmaz@nytimes.com
397,Bearnard Casero,1,168-618-9453,182-677-5787,bcaserob0@businessinsider.com
398,Gusta Worsnup,1,581-549-3447,915-238-4369,gworsnupb1@wikia.com
399,Tansy Commings,1,931-666-5273,386-675-9735,tcommingsb2@army.mil
400,Agustin Issac,1,860-537-2489,231-393-9170,aissacb3@google.com.hk
