ContactName,IsPrimary,Mobile,Landline,Email
Darwin Berth,True,742-327-2544,684-437-5450,dberth0@php.net
Amelie Bagley,True,798-754-9183,321-126-6240,abagley1@tinypic.com
Brade Crus,True,722-998-4983,799-825-9286,bcrus2@state.gov
Gena Ringe,True,701-699-4873,739-920-8733,gringe3@apple.com
Janna Champness,True,279-789-9828,113-449-4403,jchampness4@newsvine.com
Lelia Jopling,True,257-911-7392,396-645-5261,ljopling5@purevolume.com
Guenna Kencott,True,977-861-8211,451-100-3535,gkencott6@webeden.co.uk
Jessey Matteau,True,895-234-0748,775-842-5391,jmatteau7@com.com
Corey Grayland,True,526-518-1478,854-910-1424,cgrayland8@cisco.com
Alys St. Hill,True,951-247-5050,807-609-3513,ast9@eventbrite.com
Issi Milburn,True,177-986-5153,818-189-7853,imilburna@jalbum.net
Sergio Louiset,True,339-167-3009,639-988-7260,slouisetb@edublogs.org
Amber Charette,True,758-153-2886,304-331-0706,acharettec@tinypic.com
Ferguson Martensen,True,150-419-2502,835-194-2834,fmartensend@youtu.be
Jo-ann Janew,True,426-445-0606,785-452-5644,jjanewe@wufoo.com
Gale Wellings,True,272-161-3351,726-354-3190,gwellingsf@harvard.edu
Gertrude Ofield,True,539-297-3123,681-708-9020,gofieldg@prweb.com
Bamby Gonzalvo,True,368-322-8589,991-953-3160,bgonzalvoh@cocolog-nifty.com
Celie Ainge,True,362-208-4295,711-934-2865,caingei@princeton.edu
Fernande Durie,True,912-313-0704,359-964-0899,fduriej@stumbleupon.com
Rubie Marcussen,True,889-769-1213,257-763-8372,rmarcussenk@wisc.edu
Darcie Dayborne,True,794-415-1696,114-581-3830,ddaybornel@godaddy.com
Myrwyn Garmey,True,708-575-1570,652-129-5357,mgarmeym@soundcloud.com
Mac Carsberg,True,710-387-2772,238-505-5119,mcarsbergn@si.edu
Rey Offen,True,666-406-0836,235-314-8265,roffeno@alibaba.com
Mehetabel Rentelll,True,875-607-1589,188-115-4742,mrentelllp@sohu.com
Alon Higgoe,True,712-191-7150,111-871-3711,ahiggoeq@e-recht24.de
Madeleine Courvert,True,243-551-4820,882-553-9655,mcourvertr@ihg.com
Cherice Bogey,True,505-801-9607,743-550-2678,cbogeys@mapquest.com
Erik Gammade,True,943-822-0598,339-644-5838,egammadet@blogger.com
Rafi Leaning,True,195-296-6643,798-321-0588,rleaningu@soup.io
Trent Stealfox,True,123-854-4508,609-698-8651,tstealfoxv@economist.com
Lola Mcsarry,True,173-589-3250,115-146-2784,lmcsarryw@usa.gov
Dede MacNeil,True,253-930-5885,372-395-1641,dmacneilx@eventbrite.com
Winthrop Rozenzweig,True,327-505-9107,321-229-3493,wrozenzweigy@cargocollective.com
Midge Pee,True,135-362-1629,843-275-5496,mpeez@webeden.co.uk
Kylynn Wetton,True,237-278-2859,146-454-6986,kwetton10@fotki.com
Orella Kestin,True,874-108-6122,743-382-8724,okestin11@yellowbook.com
Loni Corbould,True,412-106-2199,414-702-6074,lcorbould12@dell.com
Izabel Dartnall,True,498-618-3858,894-837-9295,idartnall13@webeden.co.uk
Denny Lowre,True,560-339-6214,668-872-8459,dlowre14@netscape.com
Ketty Cronchey,True,426-606-1216,199-745-7401,kcronchey15@de.vu
Sonnie Saffen,True,930-887-4892,398-715-6557,ssaffen16@canalblog.com
Karla Dewbury,True,257-810-9114,792-246-1811,kdewbury17@smugmug.com
Sherline Ingman,True,352-964-3417,581-694-0672,singman18@rambler.ru
Jayne Plett,True,761-132-7530,646-343-6443,jplett19@phpbb.com
Delly Veall,True,743-742-4842,169-371-3051,dveall1a@indiatimes.com
Davidson Pulford,True,740-608-6761,553-886-9112,dpulford1b@elpais.com
Gill Lenham,True,949-507-4938,970-661-4924,glenham1c@fc2.com
Yoko Dykes,True,606-203-5636,658-251-4098,ydykes1d@printfriendly.com
Bronnie Elham,True,559-668-0774,604-982-9980,belham1e@alibaba.com
Jefferson Wife,True,150-733-4643,996-516-4869,jwife1f@baidu.com
Kelley Garnett,True,926-422-2979,902-127-0130,kgarnett1g@kickstarter.com
Cooper Greenway,True,259-520-0848,557-153-2414,cgreenway1h@squarespace.com
Catlin Garroway,True,814-382-6849,248-930-7137,cgarroway1i@comsenz.com
Perle Barfield,True,800-588-7426,430-373-5792,pbarfield1j@google.ru
Philbert Bener,True,651-711-6162,902-380-1224,pbener1k@hao123.com
Roxana Blare,True,799-652-4125,319-457-6733,rblare1l@sun.com
Elisa Vanyard,True,472-122-3559,720-664-6873,evanyard1m@people.com.cn
Pierson China,True,986-282-1195,454-130-2145,pchina1n@nhs.uk
Janifer Skyrme,True,317-431-9835,384-473-1298,jskyrme1o@dedecms.com
Bevvy Dawney,True,182-774-1467,763-119-3314,bdawney1p@bandcamp.com
Bobina Osburn,True,458-614-7930,768-224-6705,bosburn1q@va.gov
Valentina Fenners,True,972-689-5203,867-393-2834,vfenners1r@nasa.gov
Serge Polly,True,837-395-2930,820-948-9613,spolly1s@go.com
Ruddy Taggett,True,886-373-6920,641-963-7047,rtaggett1t@fc2.com
Jemmy Lehrer,True,706-644-2281,908-767-4940,jlehrer1u@buzzfeed.com
Karil Sillett,True,584-429-8017,551-976-1933,ksillett1v@pbs.org
Gerrie Cordier,True,293-341-4004,389-867-1648,gcordier1w@xing.com
Launce Barry,True,121-626-7292,584-456-3864,lbarry1x@friendfeed.com
Bartlett Lightbowne,True,553-478-1182,490-111-0911,blightbowne1y@tripod.com
Nappy Gillespie,True,841-418-0249,932-797-8657,ngillespie1z@va.gov
Gaylor Twycross,True,665-489-2236,257-719-2926,gtwycross20@simplemachines.org
Jeth Tuddall,True,489-461-1519,168-527-6176,jtuddall21@chronoengine.com
Marlow Reboul,True,763-282-5498,340-289-5574,mreboul22@bluehost.com
Terrie Tremoille,True,222-796-3921,238-294-8391,ttremoille23@deviantart.com
Caresse Thorsen,True,499-568-8689,387-482-8825,cthorsen24@multiply.com
Jammal Elsbury,True,815-441-9034,596-861-3185,jelsbury25@360.cn
Ali Tuma,True,564-133-1711,595-393-0973,atuma26@washingtonpost.com
Ambrosi Gocher,True,737-486-7008,398-321-1561,agocher27@timesonline.co.uk
Nancie Kittoe,True,456-505-7451,452-532-4410,nkittoe28@businessinsider.com
Doralynn Shemmin,True,484-171-5428,172-308-2224,dshemmin29@dion.ne.jp
Alejandra Marfell,True,549-353-0039,459-554-6545,amarfell2a@reuters.com
Arlinda Caban,True,562-301-9087,454-535-5743,acaban2b@drupal.org
Aldridge Flatman,True,105-913-4306,738-588-1741,aflatman2c@constantcontact.com
Duffy Gallihawk,True,548-310-1432,818-715-8615,dgallihawk2d@acquirethisname.com
Jenn Penylton,True,115-950-5343,983-100-9197,jpenylton2e@tuttocitta.it
Tull Cutmare,True,534-528-8678,583-416-8513,tcutmare2f@tuttocitta.it
Seamus Townley,True,234-149-5194,870-448-5093,stownley2g@indiegogo.com
Richy Magauran,True,827-312-0068,336-986-7241,rmagauran2h@goodreads.com
Kitti Storton,True,359-752-2344,741-200-2859,kstorton2i@yolasite.com
Domenico Lazare,True,342-192-9274,832-856-6610,dlazare2j@imgur.com
Lenka Vearncomb,True,666-793-6889,799-993-9947,lvearncomb2k@vistaprint.com
Aeriela Bote,True,860-175-1678,143-494-7607,abote2l@drupal.org
Myriam Domonkos,True,101-363-5855,900-572-0027,mdomonkos2m@live.com
Fred Reckhouse,True,174-239-0608,697-210-1170,freckhouse2n@ow.ly
Cathee Avrahamov,True,573-516-9393,104-951-9005,cavrahamov2o@businessinsider.com
Bradley Fernely,True,636-516-7893,219-734-8214,bfernely2p@netscape.com
Roth Crolla,True,491-802-5662,653-259-1533,rcrolla2q@google.fr
Anderea Parren,True,190-876-5812,312-931-6585,aparren2r@wired.com
Faber Laurenzi,True,989-677-1639,824-277-2515,flaurenzi2s@china.com.cn
Shoshanna Calkin,True,377-914-5714,560-129-1934,scalkin2t@freewebs.com
Roland Coade,True,453-288-1345,758-142-4137,rcoade2u@seattletimes.com
Alina Keuneke,True,386-350-2528,241-364-0007,akeuneke2v@bluehost.com
Cyndia Markwelley,True,157-822-5605,520-838-4332,cmarkwelley2w@desdev.cn
Nevins Dowbakin,True,458-820-5587,661-739-9952,ndowbakin2x@drupal.org
Durward Malter,True,296-450-8489,678-130-7320,dmalter2y@squidoo.com
Correy Ashford,True,633-503-2278,113-358-8849,cashford2z@simplemachines.org
Nance Moubray,True,637-953-6196,436-310-6068,nmoubray30@tripod.com
Marc Andrys,True,286-501-2403,318-145-8851,mandrys31@sina.com.cn
Barbey Humm,True,131-268-0700,243-274-8562,bhumm32@hatena.ne.jp
Adaline Breming,True,335-736-9330,282-862-3482,abreming33@narod.ru
Cassi Sleightholme,True,590-353-5527,646-648-6511,csleightholme34@unblog.fr
Sher Padell,True,638-408-4451,853-343-3743,spadell35@adobe.com
Tobias Forty,True,971-863-2462,913-715-9993,tforty36@cloudflare.com
Erika Chagg,True,501-567-2276,545-831-8184,echagg37@exblog.jp
Lenard Dimmne,True,646-318-6277,515-316-8760,ldimmne38@washington.edu
Courtnay Gehricke,True,645-536-5824,207-566-5894,cgehricke39@japanpost.jp
Audrey Di Roberto,True,252-531-4123,304-760-7685,adi3a@cbsnews.com
Darda Lestor,True,106-816-1491,560-776-9946,dlestor3b@elegantthemes.com
Betteanne Youngman,True,932-448-1868,933-650-8338,byoungman3c@mlb.com
Josi Brasener,True,744-291-8160,217-562-8458,jbrasener3d@bigcartel.com
Averil Tunnoch,True,806-719-0479,577-786-9880,atunnoch3e@theguardian.com
Ermentrude Mobberley,True,540-185-4209,266-490-6056,emobberley3f@g.co
Ree Haycox,True,193-109-0260,552-368-4463,rhaycox3g@google.ru
Ingaborg Phette,True,660-944-7003,956-594-2496,iphette3h@weebly.com
Doria Wormstone,True,959-620-8609,462-575-6678,dwormstone3i@ca.gov
Jehanna Henricsson,True,381-532-4195,866-512-8228,jhenricsson3j@twitpic.com
Natala Scarman,True,472-241-9479,168-685-4648,nscarman3k@netvibes.com
Hardy Bohling,True,396-614-0317,629-544-4877,hbohling3l@1und1.de
Dirk Walles,True,347-621-5889,391-988-9724,dwalles3m@nsw.gov.au
Rosabel Cicculi,True,901-730-1058,631-993-0981,rcicculi3n@shutterfly.com
Layla Kinchin,True,333-725-3412,938-775-9197,lkinchin3o@hibu.com
Teressa Brettoner,True,326-664-6912,373-189-1371,tbrettoner3p@msu.edu
Cobbie Brigg,True,486-855-2624,219-456-4194,cbrigg3q@dyndns.org
Fae Follows,True,408-651-3022,764-693-4728,ffollows3r@umn.edu
Joellen Gabby,True,412-176-5067,318-684-9874,jgabby3s@independent.co.uk
Gray Boggis,True,770-678-7958,267-566-6969,gboggis3t@latimes.com
Prudy Blei,True,234-342-8365,335-940-1092,pblei3u@comcast.net
Bat McQuillen,True,631-704-7452,114-726-7326,bmcquillen3v@t-online.de
Ainslie Week,True,600-125-7360,536-828-3099,aweek3w@jiathis.com
Clarisse Candlish,True,189-580-6817,580-988-7112,ccandlish3x@weather.com
Quinlan Parkhouse,True,305-399-1488,952-892-2975,qparkhouse3y@house.gov
Fawne Giurio,True,351-832-4565,187-871-7141,fgiurio3z@home.pl
Hugues Lowerson,True,355-138-3754,342-900-2076,hlowerson40@buzzfeed.com
Paxton Yakobovitz,True,495-832-7977,492-813-8801,pyakobovitz41@devhub.com
Noellyn Keenleyside,True,694-671-5979,785-154-4087,nkeenleyside42@omniture.com
Carlin Ferrarese,True,575-590-8711,109-208-4948,cferrarese43@imdb.com
Carree Cattemull,True,257-243-5951,830-925-8655,ccattemull44@nasa.gov
Addie Manwaring,True,842-173-0181,257-850-2020,amanwaring45@cbc.ca
Jean Panner,True,727-192-4706,440-172-7408,jpanner46@xrea.com
Gram Kearford,True,783-530-2861,393-332-4335,gkearford47@sciencedaily.com
Rosa Elias,True,565-919-1968,551-784-1436,relias48@paypal.com
Anna-diane Facher,True,775-521-7581,159-263-7937,afacher49@indiegogo.com
Etheline Livoir,True,491-254-7423,262-169-0159,elivoir4a@ucoz.com
Ashley Jeppe,True,301-802-0442,767-686-5509,ajeppe4b@tinypic.com
Larisa Pinckney,True,616-475-9950,331-407-2984,lpinckney4c@hatena.ne.jp
Wilfred Marham,True,974-303-1938,299-206-5455,wmarham4d@youku.com
Adriano Lewendon,True,660-319-5893,704-303-0320,alewendon4e@prlog.org
Taddeo Surmeyers,True,587-201-5064,330-447-5807,tsurmeyers4f@netvibes.com
Clayborne Gheerhaert,True,410-911-4986,704-359-0583,cgheerhaert4g@mit.edu
Marthe Cranfield,True,735-613-0843,144-748-8863,mcranfield4h@columbia.edu
Ronda Randle,True,157-863-6444,302-873-4178,rrandle4i@symantec.com
Janos Rosendorf,True,862-843-7239,460-308-0054,jrosendorf4j@wiley.com
Mariana Pate,True,307-520-3853,868-751-4932,mpate4k@nsw.gov.au
Shaughn Lorenzetti,True,864-941-0935,426-815-3116,slorenzetti4l@nymag.com
Jana Finlow,True,898-372-8891,602-587-7504,jfinlow4m@latimes.com
Rabbi Beevors,True,218-494-2462,144-193-4689,rbeevors4n@answers.com
Horatius Coogan,True,296-494-3775,315-219-9290,hcoogan4o@phpbb.com
Marley Udale,True,734-962-2563,615-124-2349,mudale4p@vistaprint.com
Alfonse Greser,True,653-762-6241,667-902-7586,agreser4q@webmd.com
Gearard Glazer,True,745-463-0169,898-155-4337,gglazer4r@engadget.com
Kaila Burle,True,658-444-5791,380-675-2573,kburle4s@vkontakte.ru
Spike Scholefield,True,238-703-1576,696-216-1643,sscholefield4t@addthis.com
Zondra Dienes,True,269-339-9410,874-337-6485,zdienes4u@google.fr
Angeli Fossord,True,982-179-6285,889-137-4227,afossord4v@ow.ly
Alic Dewsnap,True,171-929-2003,535-887-7751,adewsnap4w@addtoany.com
Rodie Antoshin,True,261-526-8233,819-409-0824,rantoshin4x@businessweek.com
Stormy Brockhouse,True,316-378-1913,245-145-5472,sbrockhouse4y@dell.com
Boniface Duffy,True,511-345-9709,594-803-0895,bduffy4z@ask.com
Claribel Birkwood,True,404-609-7303,275-414-9250,cbirkwood50@ebay.co.uk
Dael Huddles,True,734-891-6205,616-663-2016,dhuddles51@disqus.com
Augustina Lorrie,True,304-751-0438,662-895-1698,alorrie52@nymag.com
Gilda Scardifield,True,815-710-6361,944-566-0664,gscardifield53@adobe.com
Abdul Simkiss,True,866-785-4038,338-766-2049,asimkiss54@europa.eu
Dale Marchbank,True,552-191-2146,450-340-3052,dmarchbank55@slashdot.org
Teri Dibb,True,862-639-3943,849-194-3135,tdibb56@msu.edu
Jesus Tunbridge,True,680-423-1575,512-646-2303,jtunbridge57@cbc.ca
Yulma Cuthill,True,509-932-4400,268-681-6564,ycuthill58@cdbaby.com
Konstantin Eckley,True,949-761-8443,721-611-7447,keckley59@privacy.gov.au
Niko Yurikov,True,388-880-1585,879-911-5187,nyurikov5a@aol.com
Donall Gourdon,True,258-903-8127,321-263-2109,dgourdon5b@shinystat.com
Consuela Portriss,True,229-610-8760,442-223-1057,cportriss5c@hc360.com
Pet Harnor,True,203-246-0459,314-296-6843,pharnor5d@dion.ne.jp
Ellie Alvarado,True,934-948-0136,469-587-3737,ealvarado5e@homestead.com
Torry Stannah,True,730-185-1437,252-556-0595,tstannah5f@istockphoto.com
Ardine Langelaan,True,499-682-5282,330-208-3736,alangelaan5g@woothemes.com
Edwina Andrieux,True,819-546-1953,994-709-6115,eandrieux5h@deviantart.com
Leighton Blemen,True,953-204-4146,712-795-2992,lblemen5i@ft.com
Garland De Malchar,True,597-413-5583,588-733-2968,gde5j@acquirethisname.com
Michaelina Cohrs,True,200-759-5882,653-652-0794,mcohrs5k@usatoday.com
Carrol Ongin,True,946-890-4233,411-947-9034,congin5l@smh.com.au
Anne McCrudden,True,502-959-8210,795-917-9329,amccrudden5m@paypal.com
Morris Garvan,True,760-281-1958,395-423-2833,mgarvan5n@deviantart.com
Brennan Ivanyushin,True,179-694-3542,524-913-4674,bivanyushin5o@blogtalkradio.com
Mirelle Martinetto,True,513-132-0893,112-515-9730,mmartinetto5p@businesswire.com
Pet Randleson,True,521-739-9577,901-734-2295,prandleson5q@ucsd.edu
Skippy Whyard,True,433-310-5876,354-515-4846,swhyard5r@surveymonkey.com
Udell Crutchley,True,229-956-1223,743-148-4820,ucrutchley5s@usda.gov
Ches Brunotti,True,821-455-0732,948-376-5231,cbrunotti5t@domainmarket.com
Kimberly Cozins,True,324-760-4125,142-883-6676,kcozins5u@weibo.com
Alexandre Romme,True,286-873-8239,952-412-8467,aromme5v@lulu.com
Gypsy Harbor,True,592-150-7153,661-862-9530,gharbor5w@upenn.edu
Jocelin Enochsson,True,568-431-4484,936-899-2559,jenochsson5x@google.co.uk
Viviyan Sichardt,True,805-559-9558,123-634-6610,vsichardt5y@blinklist.com
Susann Buttrum,True,221-666-6832,382-916-1757,sbuttrum5z@patch.com
Trip Aitken,True,307-331-5694,765-481-8946,taitken60@bravesites.com
Arleyne MacGraith,True,155-666-5691,425-570-8714,amacgraith61@amazon.com
Terese Theyer,True,771-276-9892,806-319-9223,ttheyer62@creativecommons.org
Abbe Claybourne,True,837-708-7122,256-428-2580,aclaybourne63@phoca.cz
Reinwald Jackson,True,712-558-8178,873-218-4374,rjackson64@vkontakte.ru
Bendix Cripps,True,862-664-2058,440-704-4974,bcripps65@squarespace.com
Guy Lawlee,True,536-137-4367,178-736-1569,glawlee66@xinhuanet.com
Cam Kell,True,100-418-6873,773-127-8053,ckell67@prweb.com
Clea Marcham,True,294-225-5082,987-669-2369,cmarcham68@home.pl
Elna Chattaway,True,610-123-3575,745-368-1519,echattaway69@vinaora.com
Evangelina Wainscot,True,948-295-4150,293-817-0008,ewainscot6a@seesaa.net
Francyne Holberry,True,447-949-0179,548-321-4881,fholberry6b@pcworld.com
Claude Roake,True,561-678-1692,728-910-7431,croake6c@facebook.com
Barnie Butte,True,306-372-9840,545-505-0522,bbutte6d@yale.edu
Paulie De Pero,True,620-766-0378,938-735-3036,pde6e@wikipedia.org
Casi Hastwall,True,325-463-2403,840-233-8017,chastwall6f@newyorker.com
Ana Clemmett,True,897-590-7843,603-765-0265,aclemmett6g@aboutads.info
Abram Bertelet,True,922-724-2924,775-795-2132,abertelet6h@eventbrite.com
Donal Chessum,True,468-199-1211,230-168-3421,dchessum6i@163.com
Bevin Debrett,True,199-817-1036,633-376-2136,bdebrett6j@163.com
Teddie Monteath,True,376-723-3656,171-798-6049,tmonteath6k@vk.com
Nicole Jouning,True,431-575-6651,182-946-3643,njouning6l@friendfeed.com
Karola Wyeth,True,169-376-6572,350-656-2667,kwyeth6m@hud.gov
Gannon Searchwell,True,335-576-5753,771-496-9120,gsearchwell6n@weibo.com
Rosabella MacRannell,True,113-151-2961,195-602-2374,rmacrannell6o@github.com
Zacherie Chilley,True,876-960-5702,370-578-7203,zchilley6p@photobucket.com
Lorens Sambles,True,192-156-0244,238-503-6813,lsambles6q@sogou.com
Isaiah Patton,True,796-106-6927,688-534-6176,ipatton6r@yale.edu
Tracey Myderscough,True,986-629-4694,134-345-4531,tmyderscough6s@imgur.com
Calvin Vagges,True,394-437-5930,465-487-2697,cvagges6t@i2i.jp
Carmine Raynham,True,808-199-4643,645-818-5540,craynham6u@godaddy.com
Nikolai Bernhardt,True,860-250-1789,330-134-0643,nbernhardt6v@symantec.com
Eartha Heyworth,True,748-310-5716,897-161-0771,eheyworth6w@naver.com
Grange Roumier,True,113-456-9983,408-656-9554,groumier6x@jugem.jp
Isidora Jozwik,True,933-561-3979,533-668-3700,ijozwik6y@npr.org
Binny Sultan,True,217-274-2206,813-640-6013,bsultan6z@ihg.com
Rozella Andriss,True,132-925-7711,513-192-4584,randriss70@printfriendly.com
Jocelin Brussell,True,311-228-6520,954-638-1884,jbrussell71@mit.edu
Bentlee Longdon,True,549-920-2015,847-862-6742,blongdon72@plala.or.jp
Lydie Darling,True,863-572-7618,536-349-1665,ldarling73@altervista.org
Sacha Reader,True,625-182-9567,936-234-5927,sreader74@goo.gl
Sashenka Goroni,True,272-904-8694,489-906-3202,sgoroni75@tinypic.com
Ciro O'Shesnan,True,699-949-9123,278-550-0810,coshesnan76@unc.edu
Sharla Lilleman,True,895-285-4124,236-964-3048,slilleman77@buzzfeed.com
Lara Over,True,700-795-6741,267-757-6546,lover78@purevolume.com
Felicle Orrocks,True,749-199-8856,651-503-4632,forrocks79@com.com
Frank Bantick,True,545-401-2505,858-547-1588,fbantick7a@mediafire.com
Eal Van Vuuren,True,523-703-4054,112-379-4916,evan7b@w3.org
Tybie Lugsdin,True,691-666-5383,500-420-8307,tlugsdin7c@sbwire.com
Joseph Torpie,True,396-625-1697,400-591-2853,jtorpie7d@webeden.co.uk
Letizia Miles,True,858-283-3705,984-106-6572,lmiles7e@howstuffworks.com
Elonore Loan,True,475-436-6355,655-407-8705,eloan7f@trellian.com
Alameda Branwhite,True,663-313-2052,654-604-9682,abranwhite7g@ox.ac.uk
Gilly Runchman,True,547-456-4698,786-921-6606,grunchman7h@com.com
Leyla Loxston,True,890-314-4496,397-404-7868,lloxston7i@bizjournals.com
Nerta Druce,True,838-454-6885,580-656-0100,ndruce7j@japanpost.jp
Kinna Burdin,True,686-471-2369,841-423-5285,kburdin7k@archive.org
Leanora Buzzing,True,369-314-6026,480-545-1519,lbuzzing7l@domainmarket.com
Latashia Roller,True,538-546-2460,484-440-0730,lroller7m@purevolume.com
Wallis Asprey,True,265-858-5250,835-162-7760,wasprey7n@cdc.gov
Diannne Shakeshaft,True,639-110-6202,468-602-5748,dshakeshaft7o@abc.net.au
Barby Blunden,True,197-212-8517,165-302-9596,bblunden7p@comcast.net
Nichole Siseland,True,620-798-5445,804-230-9929,nsiseland7q@intel.com
Eleni Stainson,True,453-104-0228,200-866-8589,estainson7r@nymag.com
Sloane Digance,True,109-886-7577,233-854-0200,sdigance7s@howstuffworks.com
Lucas Irce,True,828-709-3944,308-184-5352,lirce7t@telegraph.co.uk
Joachim Harwood,True,302-866-9639,357-277-9530,jharwood7u@vk.com
Greta Feldhorn,True,184-456-4548,613-996-0242,gfeldhorn7v@rambler.ru
Milton Ganforth,True,841-338-5617,175-555-2817,mganforth7w@last.fm
Ted Newiss,True,199-279-7440,745-430-1427,tnewiss7x@fotki.com
Catriona O'Donohue,True,155-425-9250,241-417-1056,codonohue7y@aboutads.info
Malinde Cammacke,True,613-538-9583,521-587-8523,mcammacke7z@twitpic.com
Clevey Yerrall,True,867-689-5378,137-187-1074,cyerrall80@state.tx.us
Morie Risley,True,170-683-8450,380-407-2497,mrisley81@nhs.uk
Krishna Joska,True,690-102-9354,253-654-9935,kjoska82@irs.gov
Nanni Domnin,True,675-592-8329,492-164-6358,ndomnin83@i2i.jp
Laurent Mayman,True,216-533-2301,731-634-7346,lmayman84@parallels.com
Julissa Aspey,True,731-572-5573,184-760-2889,jaspey85@goodreads.com
Christalle Tombleson,True,878-659-2794,952-432-3145,ctombleson86@amazon.de
Marleen McGilvray,True,806-747-1978,561-303-4532,mmcgilvray87@instagram.com
Geneva Mityakov,True,865-525-9520,121-986-6765,gmityakov88@phoca.cz
Marcella Poile,True,351-488-1008,305-398-4940,mpoile89@drupal.org
Silvain Saterthwait,True,237-822-7932,748-495-9326,ssaterthwait8a@symantec.com
Sada Erie,True,822-807-8474,526-301-4178,serie8b@e-recht24.de
Hillard Watman,True,519-611-9166,676-561-5836,hwatman8c@themeforest.net
Lola O'Mara,True,124-719-0208,661-730-5552,lomara8d@techcrunch.com
Fredek Ortsmann,True,145-123-2155,102-252-1918,fortsmann8e@cloudflare.com
Corabella Allot,True,836-253-4018,423-259-5183,callot8f@usgs.gov
Bellina Selburn,True,480-786-6664,167-320-9080,bselburn8g@cnn.com
Germana Yitzhok,True,612-907-1144,367-440-0138,gyitzhok8h@dedecms.com
Rosco Advani,True,890-162-2546,969-213-6711,radvani8i@ox.ac.uk
Osbourne Gladeche,True,626-409-7661,846-711-9894,ogladeche8j@shutterfly.com
Gray Bullingham,True,687-584-4912,218-297-4987,gbullingham8k@simplemachines.org
Jacquetta Fromont,True,825-620-7070,632-765-2575,jfromont8l@statcounter.com
Kalil McFeat,True,241-880-6935,885-756-2049,kmcfeat8m@studiopress.com
Aluino Kroll,True,897-280-9451,577-657-4675,akroll8n@booking.com
Mendel Rohlfs,True,874-183-6147,856-408-8908,mrohlfs8o@trellian.com
Tana Kempton,True,782-133-1345,501-366-2631,tkempton8p@cbsnews.com
Elvina Neumann,True,922-602-2084,210-371-9064,eneumann8q@shinystat.com
Portie Bysouth,True,324-917-1147,239-121-3152,pbysouth8r@nytimes.com
Terry Rodman,True,530-651-6725,476-561-2206,trodman8s@bbb.org
Farah Scotchford,True,136-521-4783,512-654-8606,fscotchford8t@mayoclinic.com
Omero Palfreman,True,347-124-6976,310-295-6640,opalfreman8u@cbc.ca
Wanda Melloi,True,363-462-2061,785-893-6462,wmelloi8v@yale.edu
Hoebart Adamik,True,431-565-8060,171-623-8004,hadamik8w@jimdo.com
Ariela Hornbuckle,True,282-705-9497,817-652-3417,ahornbuckle8x@telegraph.co.uk
Bessy Curnnok,True,149-774-0627,958-545-1196,bcurnnok8y@a8.net
Olag Joney,True,430-725-6591,695-897-6414,ojoney8z@opera.com
Kellie Petracek,True,212-178-4585,417-384-1388,kpetracek90@google.de
Gibbie Topper,True,322-215-5433,241-626-8178,gtopper91@domainmarket.com
Simonne Tieraney,True,686-921-9515,691-769-4203,stieraney92@berkeley.edu
Addi Cahalan,True,748-279-7869,534-175-3585,acahalan93@creativecommons.org
Shani Obern,True,250-663-8281,530-601-9282,sobern94@wordpress.org
Arlee Gawkroge,True,737-912-7589,562-201-6162,agawkroge95@nifty.com
Morgan Conradsen,True,784-874-0565,353-626-7660,mconradsen96@answers.com
Lura Calfe,True,891-176-0888,218-178-3091,lcalfe97@weather.com
Morena Addicott,True,952-758-3857,811-991-8056,maddicott98@narod.ru
Kariotta Ducastel,True,877-709-7781,723-741-5309,kducastel99@mtv.com
Bobbee Gerhold,True,449-444-6013,932-210-1705,bgerhold9a@1688.com
Joey MacCosto,True,786-123-4821,968-959-6829,jmaccosto9b@unicef.org
Estell Mehaffey,True,809-974-2947,431-603-8471,emehaffey9c@weebly.com
Jayme Ashforth,True,714-727-4725,728-635-9944,jashforth9d@gov.uk
Maury Redgewell,True,901-199-5188,318-407-0399,mredgewell9e@blogspot.com
Erin Pitcaithley,True,811-394-6625,172-596-7606,epitcaithley9f@elpais.com
Cyndia Omond,True,763-562-9477,688-104-2189,comond9g@google.com.hk
Ritchie Freshwater,True,478-828-9770,483-627-5063,rfreshwater9h@twitter.com
Wait Geyton,True,383-546-4150,708-173-5727,wgeyton9i@disqus.com
Vina Bentzen,True,748-765-0073,838-383-8785,vbentzen9j@biglobe.ne.jp
Henrik Bassilashvili,True,194-296-3049,266-256-4364,hbassilashvili9k@mediafire.com
Maryjo Nolte,True,732-406-1566,907-110-6809,mnolte9l@liveinternet.ru
Verney Askwith,True,717-484-1022,667-937-6492,vaskwith9m@house.gov
Rayna Mattea,True,509-888-9668,155-483-0637,rmattea9n@un.org
Leonora Hamblyn,True,670-998-5128,169-808-9686,lhamblyn9o@loc.gov
Robin Shrimptone,True,169-232-6932,188-283-2426,rshrimptone9p@fda.gov
Siward Polendine,True,667-199-2070,546-476-2368,spolendine9q@nymag.com
James Gildersleaves,True,976-954-3981,510-997-2585,jgildersleaves9r@webs.com
Louisette Cinelli,True,354-837-2323,420-892-8581,lcinelli9s@senate.gov
Lindie Sturdgess,True,580-572-0628,599-878-6473,lsturdgess9t@ucoz.com
Josefina Pritty,True,188-319-6976,275-738-3096,jpritty9u@epa.gov
Jenny Skirvane,True,101-809-2576,826-191-8705,jskirvane9v@nhs.uk
Andree Morrott,True,950-797-5977,400-195-8148,amorrott9w@goo.ne.jp
Genna Boughtwood,True,286-602-2805,414-297-7590,gboughtwood9x@usa.gov
Winni Grocock,True,110-499-3101,579-123-1738,wgrocock9y@home.pl
Ashia Lucas,True,131-665-7763,434-346-6830,alucas9z@hc360.com
Manfred MacRanald,True,976-840-4573,285-740-6323,mmacranalda0@japanpost.jp
Asher Freeberne,True,517-465-4928,161-646-2387,afreebernea1@netvibes.com
Alix Smeeth,True,418-864-2672,934-175-5838,asmeetha2@webeden.co.uk
Salomone Trubshawe,True,982-888-0941,781-740-9592,strubshawea3@microsoft.com
Kerrie Pallasch,True,193-499-5301,655-365-0411,kpallascha4@prnewswire.com
Marlene Canti,True,665-561-9289,372-447-5386,mcantia5@bizjournals.com
Manfred Parkyns,True,432-766-2816,669-145-1530,mparkynsa6@over-blog.com
Janette Coulson,True,271-602-8562,599-515-2066,jcoulsona7@disqus.com
Nessie Cockroft,True,215-446-1195,828-935-2617,ncockrofta8@feedburner.com
Chandra Livingstone,True,773-643-6050,541-854-6449,clivingstonea9@sfgate.com
Irita Shannon,True,912-994-1418,582-593-6765,ishannonaa@aboutads.info
Andres Clawe,True,899-512-4750,981-145-5481,aclaweab@behance.net
Alden Rule,True,755-574-8152,769-122-8110,aruleac@ameblo.jp
Yasmin Giorgiutti,True,441-528-9851,356-767-1717,ygiorgiuttiad@cocolog-nifty.com
Catherin Kuller,True,667-900-9491,584-958-4695,ckullerae@newsvine.com
Antin Thornley,True,427-933-7641,343-729-2579,athornleyaf@mlb.com
Odilia Wallice,True,582-256-9186,249-833-9324,owalliceag@engadget.com
Darya Halcro,True,246-970-5098,307-571-7487,dhalcroah@elpais.com
Ulises Bains,True,444-460-9369,298-576-2995,ubainsai@utexas.edu
Tomi Kauffman,True,408-671-9466,102-466-4531,tkauffmanaj@ucsd.edu
Yasmeen Espin,True,554-687-3422,267-890-8518,yespinak@slate.com
Xylia Armal,True,421-381-4159,520-725-8729,xarmalal@uol.com.br
Ki Henrique,True,332-136-9561,293-280-6638,khenriqueam@miibeian.gov.cn
Thomasina Ells,True,982-508-9537,898-988-9903,tellsan@redcross.org
Aleda Hufton,True,908-213-9908,762-613-0487,ahuftonao@illinois.edu
Matty Frankes,True,622-643-3990,336-505-9603,mfrankesap@unc.edu
Ashley Basden,True,311-822-7730,162-695-7246,abasdenaq@cafepress.com
Bamby Laming,True,927-956-9993,200-256-5465,blamingar@a8.net
Evelyn Getcliffe,True,435-993-5391,496-679-3249,egetcliffeas@dropbox.com
Nickey Chesswas,True,527-342-5251,295-292-1912,nchesswasat@liveinternet.ru
Bastian Chrichton,True,532-280-3071,271-300-2043,bchrichtonau@salon.com
Jermain Boumphrey,True,614-871-4745,429-186-7098,jboumphreyav@booking.com
Alyosha Greenlies,True,436-852-5060,591-307-3068,agreenliesaw@blinklist.com
Sigvard House,True,883-593-9826,585-629-4658,shouseax@upenn.edu
Jethro McKelvey,True,845-324-4685,664-509-6104,jmckelveyay@statcounter.com
Merrill Sturm,True,175-356-8007,357-697-2191,msturmaz@nytimes.com
Bearnard Casero,True,168-618-9453,182-677-5787,bcaserob0@businessinsider.com
Gusta Worsnup,True,581-549-3447,915-238-4369,gworsnupb1@wikia.com
Tansy Commings,True,931-666-5273,386-675-9735,tcommingsb2@army.mil
Agustin Issac,True,860-537-2489,231-393-9170,aissacb3@google.com.hk
