UserName,NormalizedUserName,Email,NormalizedEmail,EmailConfirmed,PasswordHash,SecurityStamp,ConcurrencyStamp,PhoneNumber,PhoneNumberConfirmed,TwoFactorEnabled,,FirstName,LastName,,,Password,DOB,GENDER,SpecRole
awestoff0,,awestoff0@addtoany.com,,,,,,,,,,Alfi,Westoff,,,pvx4CYI58.!,08/03/1994 13:00,Female,Customer
tmeegan1,,tmeegan1@blogger.com,,,,,,,,,,Teodoor,Meegan,,,bey0QTI72.!,15/09/1992 08:59,Male,Customer
cedel2,,cedel2@shutterfly.com,,,,,,,,,,Cathy,Edel,,,uqy4TLP10.!,22/08/1989 14:58,Female,Customer
cribeiro3,,cribeiro3@hexun.com,,,,,,,,,,Christy,Ribeiro,,,fxa8WHT10.!,19/07/1999 13:09,Female,Customer
fdormand4,,fdormand4@mac.com,,,,,,,,,,Felizio,Dormand,,,bkp8OAE26.!,14/09/2005 05:16,Male,Customer
pgulley5,,pgulley5@liveinternet.ru,,,,,,,,,,Pen,Gulley,,,qhu1JLX60.!,17/07/2007 10:52,Female,Customer
seslemont6,,seslemont6@cnbc.com,,,,,,,,,,Shirl,Eslemont,,,qqr3BCZ75.!,22/02/2001 18:53,Female,Customer
lpavlovsky7,,lpavlovsky7@surveymonkey.com,,,,,,,,,,Leah,Pavlovsky,,,yyj7WSO71.!,04/04/2003 23:14,Female,Customer
lhenken8,,lhenken8@umich.edu,,,,,,,,,,Loretta,Henken,,,mgq7ECG33.!,16/04/1993 16:42,Female,Customer
arickardes9,,arickardes9@java.com,,,,,,,,,,Anthea,Rickardes,,,zse2NQW69.!,06/04/1994 14:23,Female,Customer
esquirea,,esquirea@businesswire.com,,,,,,,,,,Engelbert,Squire,,,uqm0PTR68.!,02/10/1993 14:17,Male,Customer
rsiebb,,rsiebb@creativecommons.org,,,,,,,,,,Reade,Sieb,,,gdi9AWJ22.!,03/07/2004 12:58,Male,Customer
trawdalesc,,trawdalesc@last.fm,,,,,,,,,,Tabby,Rawdales,,,gjc6WJU12.!,19/09/1988 08:13,Male,Customer
dandriveauxd,,dandriveauxd@dot.gov,,,,,,,,,,Demetri,Andriveaux,,,ioc1HAS99.!,26/02/2010 02:58,Male,Customer
bhelstrome,,bhelstrome@answers.com,,,,,,,,,,Bridgette,Helstrom,,,nqw9VUU78.!,21/01/2007 22:25,Female,Customer
nstaintonskinnf,,nstaintonskinnf@go.com,,,,,,,,,,North,Stainton - Skinn,,,tla9OCW65.!,30/03/2000 01:56,Male,Customer
pmillbergg,,pmillbergg@parallels.com,,,,,,,,,,Patty,Millberg,,,osk8MCC07.!,24/06/2008 10:15,Female,Customer
eelksh,,eelksh@vimeo.com,,,,,,,,,,Edlin,Elks,,,qls4ZDT11.!,26/06/1999 19:05,Male,Customer
hantoszewskii,,hantoszewskii@constantcontact.com,,,,,,,,,,Hermy,Antoszewski,,,nqe1RRR88.!,16/02/1990 09:03,Male,Customer
ademageardj,,ademageardj@github.io,,,,,,,,,,Alika,Demageard,,,iep0TJA30.!,01/01/2009 08:49,Female,Customer
dmoulandk,,dmoulandk@techcrunch.com,,,,,,,,,,Danielle,Mouland,,,zkz3ERS13.!,22/05/2001 19:58,Female,Customer
jspeakel,,jspeakel@google.com,,,,,,,,,,Jerome,Speake,,,aql3UND51.!,29/09/1989 10:38,Male,Customer
sgasnollm,,sgasnollm@washingtonpost.com,,,,,,,,,,Saundra,Gasnoll,,,fmv2CVL51.!,25/01/1996 12:23,Male,Customer
ibenbrickn,,ibenbrickn@jiathis.com,,,,,,,,,,Iorgos,Benbrick,,,eyy4SAB97.!,02/02/2002 22:32,Male,Customer
awaterhouseo,,awaterhouseo@cbsnews.com,,,,,,,,,,Anni,Waterhouse,,,vhd4ZJP39.!,07/11/2006 04:01,Female,Customer
dkennerp,,dkennerp@4shared.com,,,,,,,,,,Dolly,Kenner,,,gjp0KTQ28.!,31/07/2009 20:09,Female,Customer
sbilsborrowq,,sbilsborrowq@rediff.com,,,,,,,,,,Shaylynn,Bilsborrow,,,jbf9TUX26.!,25/11/2005 05:48,Female,Customer
scomarr,,scomarr@independent.co.uk,,,,,,,,,,Steffi,Comar,,,xjh5EWT26.!,09/12/1986 15:20,Female,Customer
astivanis,,astivanis@sphinn.com,,,,,,,,,,Alyosha,Stivani,,,kqq4GYH18.!,31/01/2006 05:18,Male,Customer
mkienlet,,mkienlet@marketwatch.com,,,,,,,,,,Madlen,Kienle,,,gax6KYO75.!,15/10/2009 03:10,Female,Customer
gbroomu,,gbroomu@people.com.cn,,,,,,,,,,Georgine,Broom,,,cpw7RWW57.!,04/09/1998 13:25,Female,Customer
hbushellv,,hbushellv@gizmodo.com,,,,,,,,,,Heda,Bushell,,,mvv3DFG87.!,28/05/2009 03:17,Female,Customer
jjeppersonw,,jjeppersonw@elpais.com,,,,,,,,,,Jens,Jepperson,,,nkq8FSI23.!,07/12/1994 19:29,Male,Customer
tcreechx,,tcreechx@dailymotion.com,,,,,,,,,,Tiphany,Creech,,,sao4LRK33.!,04/10/1988 05:21,Female,Customer
fgreengrassy,,fgreengrassy@storify.com,,,,,,,,,,Fawnia,Greengrass,,,loq6OLP79.!,14/06/2002 03:17,Female,Customer
bcobbinz,,bcobbinz@etsy.com,,,,,,,,,,Beret,Cobbin,,,aah8JPW09.!,10/11/2002 15:20,Female,Customer
qcleworth10,,qcleworth10@biblegateway.com,,,,,,,,,,Quinn,Cleworth,,,yis7IYB70.!,08/12/1981 19:30,Female,Customer
skersey11,,skersey11@narod.ru,,,,,,,,,,Saunders,Kersey,,,yon8ENJ95.!,07/01/1998 08:46,Male,Customer
dadamo12,,dadamo12@dailymotion.com,,,,,,,,,,Dodie,Adamo,,,tcz4LRH56.!,25/11/1980 01:41,Female,Customer
rmacvaugh13,,rmacvaugh13@columbia.edu,,,,,,,,,,Rebecka,MacVaugh,,,dkt0OIR30.!,28/05/1997 11:24,Female,Customer
lraffels14,,lraffels14@nydailynews.com,,,,,,,,,,Lucy,Raffels,,,fah7QKL67.!,24/05/1993 11:19,Female,Customer
gmapledoore15,,gmapledoore15@shareasale.com,,,,,,,,,,Giustina,Mapledoore,,,gnw5VXC39.!,25/07/2002 08:35,Female,Customer
scousins16,,scousins16@typepad.com,,,,,,,,,,Shae,Cousins,,,hku1WPO65.!,25/06/1992 16:11,Female,Customer
pgianneschi17,,pgianneschi17@hugedomains.com,,,,,,,,,,Pooh,Gianneschi,,,snp2DWG54.!,17/12/2009 22:51,Female,Customer
vriccard18,,vriccard18@yahoo.com,,,,,,,,,,Vittorio,Riccard,,,qup4FYF32.!,04/02/2003 02:46,Male,Customer
jlongstaffe19,,jlongstaffe19@usda.gov,,,,,,,,,,Johnathon,Longstaffe,,,rel0WPX17.!,02/10/1995 08:57,Male,Customer
zburhill1a,,zburhill1a@mlb.com,,,,,,,,,,Zara,Burhill,,,pla7VQX65.!,05/09/1986 09:56,Female,Customer
snend1b,,snend1b@thetimes.co.uk,,,,,,,,,,Savina,Nend,,,onn9NRR89.!,22/10/1988 13:52,Female,Customer
sprimett1c,,sprimett1c@nytimes.com,,,,,,,,,,Salvador,Primett,,,tvs4WGA75.!,30/12/1985 07:11,Male,Customer
ffellibrand1d,,ffellibrand1d@indiatimes.com,,,,,,,,,,Felizio,Fellibrand,,,tvb7EDN93.!,24/03/1989 11:12,Male,Customer
sjasik1e,,sjasik1e@bizjournals.com,,,,,,,,,,Selma,Jasik,,,zmr4GCO45.!,10/04/2006 16:35,Female,Customer
jdunster1f,,jdunster1f@miitbeian.gov.cn,,,,,,,,,,Jobie,Dunster,,,ser8YEC82.!,17/04/1996 16:39,Female,Customer
aboole1g,,aboole1g@virginia.edu,,,,,,,,,,Anestassia,Boole,,,qde0BAJ77.!,01/11/1984 04:41,Female,Customer
plyddy1h,,plyddy1h@netscape.com,,,,,,,,,,Paige,Lyddy,,,cqp4TAO37.!,10/09/2009 21:38,Male,Customer
ssteuart1i,,ssteuart1i@domainmarket.com,,,,,,,,,,Silvanus,Steuart,,,bbx6TYW01.!,24/01/2000 17:25,Male,Customer
rboulger1j,,rboulger1j@vkontakte.ru,,,,,,,,,,Rickard,Boulger,,,nxr9XKL07.!,27/11/2003 09:00,Male,Customer
awase1k,,awase1k@unblog.fr,,,,,,,,,,Ailis,Wase,,,qns0ATJ30.!,09/11/1999 10:02,Female,Customer
rslayny1l,,rslayny1l@123-reg.co.uk,,,,,,,,,,Richmond,Slayny,,,cam0FJN40.!,19/12/1993 08:26,Male,Customer
astephens1m,,astephens1m@jugem.jp,,,,,,,,,,Allix,Stephens,,,tzr8QLY26.!,11/03/1980 00:47,Female,Customer
srossoni1n,,srossoni1n@mac.com,,,,,,,,,,Svend,Rossoni,,,rxs1CLF27.!,27/04/2000 17:18,Male,Customer
asentinella1o,,asentinella1o@posterous.com,,,,,,,,,,Ashley,Sentinella,,,utr8GLG64.!,17/09/1998 04:49,Female,Customer
gmaclachlan1p,,gmaclachlan1p@state.tx.us,,,,,,,,,,Gallard,MacLachlan,,,fmf8WQY93.!,07/06/2008 01:29,Male,Customer
mgason1q,,mgason1q@addtoany.com,,,,,,,,,,Mercie,Gason,,,ikr1KLX78.!,05/06/1984 00:29,Female,Customer
ngrodden1r,,ngrodden1r@cargocollective.com,,,,,,,,,,Niels,Grodden,,,oat5AOT59.!,15/10/1981 10:46,Male,Customer
asurgeon1s,,asurgeon1s@creativecommons.org,,,,,,,,,,Audra,Surgeon,,,aga1KOM94.!,02/06/1997 04:49,Female,Customer
deyckelbeck1t,,deyckelbeck1t@constantcontact.com,,,,,,,,,,Darrel,Eyckelbeck,,,xkx4XID69.!,21/05/2008 06:32,Male,Customer
afossord1u,,afossord1u@merriam-webster.com,,,,,,,,,,Adan,Fossord,,,mdg7HBD62.!,15/03/1986 19:15,Female,Customer
pipsly1v,,pipsly1v@earthlink.net,,,,,,,,,,Putnem,Ipsly,,,uns6ZJR99.!,17/08/1981 22:45,Male,Customer
fsimeoni1w,,fsimeoni1w@sohu.com,,,,,,,,,,Fern,Simeoni,,,fph7OMB10.!,15/04/1992 13:40,Female,Customer
dnucator1x,,dnucator1x@hibu.com,,,,,,,,,,Denys,Nucator,,,hld7DOU04.!,11/07/1991 18:53,Female,Customer
vchapelhow1y,,vchapelhow1y@fastcompany.com,,,,,,,,,,Vanni,Chapelhow,,,ifl2VZP00.!,15/09/1996 14:33,Female,Customer
aandrez1z,,aandrez1z@businesswire.com,,,,,,,,,,Ashla,Andrez,,,uky3QFH69.!,16/09/1982 08:36,Female,Customer
mlovel20,,mlovel20@myspace.com,,,,,,,,,,Mavra,Lovel,,,ebt4YQW89.!,01/04/1999 15:00,Female,Customer
bkear21,,bkear21@nyu.edu,,,,,,,,,,Benson,Kear,,,vmt5YRX86.!,09/02/2009 01:06,Male,Customer
oeden22,,oeden22@eepurl.com,,,,,,,,,,Orlan,Eden,,,onc9DYA10.!,29/10/2004 10:48,Male,Customer
halway23,,halway23@xinhuanet.com,,,,,,,,,,Harv,Alway,,,cnp0YRL06.!,10/03/2002 01:59,Male,Customer
msainz24,,msainz24@scientificamerican.com,,,,,,,,,,Murdock,Sainz,,,big8FDB86.!,20/07/2004 14:31,Male,Customer
ebenterman25,,ebenterman25@hubpages.com,,,,,,,,,,Ekaterina,Benterman,,,fou7GUE56.!,15/10/1992 22:20,Female,Customer
ewickey26,,ewickey26@hostgator.com,,,,,,,,,,Elijah,Wickey,,,lht6JPW82.!,31/01/2010 01:56,Male,Customer
narnold27,,narnold27@princeton.edu,,,,,,,,,,Nikoletta,Arnold,,,wyx1IXT39.!,25/02/1994 18:56,Female,Customer
mrihanek28,,mrihanek28@theguardian.com,,,,,,,,,,Mandy,Rihanek,,,bae0TGN21.!,28/11/1991 13:19,Female,Customer
cthiolier29,,cthiolier29@acquirethisname.com,,,,,,,,,,Camile,Thiolier,,,efk5GXR41.!,07/04/1989 01:29,Female,Customer
vcaroli2a,,vcaroli2a@creativecommons.org,,,,,,,,,,Veronike,Caroli,,,jdk6WWB36.!,19/06/1992 19:30,Female,Customer
atortice2b,,atortice2b@photobucket.com,,,,,,,,,,Amalee,Tortice,,,jzi5LAT14.!,16/01/2005 18:19,Female,Customer
fhopfner2c,,fhopfner2c@forbes.com,,,,,,,,,,Franky,Hopfner,,,qng0XVB86.!,11/03/1997 11:49,Male,Customer
scanto2d,,scanto2d@techcrunch.com,,,,,,,,,,Suellen,Canto,,,ayc5SUV83.!,29/11/1986 23:51,Female,Customer
plehrer2e,,plehrer2e@amazon.com,,,,,,,,,,Prisca,Lehrer,,,src5YTH54.!,20/08/1993 10:58,Female,Customer
mcarlile2f,,mcarlile2f@telegraph.co.uk,,,,,,,,,,Moritz,Carlile,,,yfc6XNM26.!,18/11/1998 04:29,Male,Customer
mtwizell2g,,mtwizell2g@sphinn.com,,,,,,,,,,Muffin,Twizell,,,ayp6QCF76.!,20/11/2000 22:21,Female,Customer
wsandiford2h,,wsandiford2h@opera.com,,,,,,,,,,Wesley,Sandiford,,,jby7EZE43.!,29/09/1990 15:46,Male,Customer
ldank2i,,ldank2i@whitehouse.gov,,,,,,,,,,Lucinda,Dank,,,spz9TXP47.!,18/02/2002 12:25,Female,Customer
ifreire2j,,ifreire2j@phpbb.com,,,,,,,,,,Idalia,Freire,,,sxs3ATD63.!,07/08/2009 18:55,Female,Customer
swrightim2k,,swrightim2k@intel.com,,,,,,,,,,Stevy,Wrightim,,,pwe3GAS12.!,07/12/1993 06:21,Male,Customer
fbloom2l,,fbloom2l@nationalgeographic.com,,,,,,,,,,Farlay,Bloom,,,rrn7ZMT83.!,24/12/1993 00:23,Male,Customer
lberg2m,,lberg2m@icq.com,,,,,,,,,,Lindie,Berg,,,uxu1PUB33.!,08/02/2000 09:32,Female,Customer
hmcclure2n,,hmcclure2n@yahoo.com,,,,,,,,,,Ham,McClure,,,miz9IZR20.!,06/07/2006 04:48,Male,Customer
scroucher2o,,scroucher2o@ustream.tv,,,,,,,,,,Starlin,Croucher,,,pcc3MNJ36.!,09/12/2004 13:04,Female,Customer
kstedell2p,,kstedell2p@smugmug.com,,,,,,,,,,Kathye,Stedell,,,iut6GAF43.!,20/03/1989 23:23,Female,Customer
egonoude2q,,egonoude2q@cocolog-nifty.com,,,,,,,,,,Ellie,Gonoude,,,khb2SMF95.!,16/07/2008 10:20,Female,Customer
bsheaf2r,,bsheaf2r@nationalgeographic.com,,,,,,,,,,Briny,Sheaf,,,tzo2NOF41.!,28/08/2002 17:27,Female,Customer
cbreinlein2s,,cbreinlein2s@vinaora.com,,,,,,,,,,Crosby,Breinlein,,,rdg8YVM60.!,26/05/2006 06:23,Male,Customer
kwaryk2t,,kwaryk2t@php.net,,,,,,,,,,Kellia,Waryk,,,rla6DFP74.!,04/05/2009 12:51,Female,Customer
eguise2u,,eguise2u@vkontakte.ru,,,,,,,,,,Evangeline,Guise,,,wxk0VJB64.!,04/10/1988 04:44,Female,Customer
atrundle2v,,atrundle2v@bluehost.com,,,,,,,,,,Angelico,Trundle,,,ejr7FKY80.!,30/04/1980 04:58,Male,Customer
hfrancais2w,,hfrancais2w@wix.com,,,,,,,,,,Hinda,Francais,,,yiv4NGS24.!,24/12/1982 12:37,Female,Customer
dfanti2x,,dfanti2x@ed.gov,,,,,,,,,,Dar,Fanti,,,wku6RVU13.!,15/12/1998 03:10,Male,Customer
shorney2y,,shorney2y@storify.com,,,,,,,,,,Shannon,Horney,,,kah9AWM28.!,11/04/1998 14:01,Female,Customer
uworstall2z,,uworstall2z@seattletimes.com,,,,,,,,,,Urban,Worstall,,,iky7AUA13.!,28/11/1995 23:59,Male,Customer
mpim30,,mpim30@weather.com,,,,,,,,,,Manda,Pim,,,snp3IEL88.!,27/09/1981 03:45,Female,Customer
escriviner31,,escriviner31@acquirethisname.com,,,,,,,,,,Eadith,Scriviner,,,pue7PDG21.!,14/08/1988 23:14,Female,Customer
hantowski32,,hantowski32@hc360.com,,,,,,,,,,Helaine,Antowski,,,hwv3HEV07.!,01/11/1999 06:58,Female,Customer
griddock33,,griddock33@pcworld.com,,,,,,,,,,Godard,Riddock,,,fyk2WWG22.!,24/11/1996 17:27,Male,Customer
nmccahill34,,nmccahill34@cam.ac.uk,,,,,,,,,,Neale,McCahill,,,ojj3FNL95.!,21/04/1984 15:50,Male,Customer
gmcalroy35,,gmcalroy35@archive.org,,,,,,,,,,Gregor,McAlroy,,,kpb1KCH20.!,30/06/1995 00:25,Male,Customer
rwythe36,,rwythe36@youtu.be,,,,,,,,,,Roscoe,Wythe,,,lki7KLX74.!,22/10/1994 02:53,Male,Customer
kboldry37,,kboldry37@elegantthemes.com,,,,,,,,,,Katey,Boldry,,,cir2QPT51.!,08/12/2000 06:38,Female,Customer
rjapp38,,rjapp38@purevolume.com,,,,,,,,,,Rudolfo,Japp,,,kln0PMY66.!,13/12/1984 02:42,Male,Customer
rdegrey39,,rdegrey39@twitter.com,,,,,,,,,,Robert,de Grey,,,bsl4BTG06.!,09/03/2000 19:11,Male,Customer
sgwyneth3a,,sgwyneth3a@slashdot.org,,,,,,,,,,Susanetta,Gwyneth,,,gmc8RZM63.!,20/12/2005 19:10,Female,Customer
acoggen3b,,acoggen3b@ox.ac.uk,,,,,,,,,,Archibald,Coggen,,,yre6BSY69.!,13/08/2000 19:00,Male,Customer
ragar3c,,ragar3c@last.fm,,,,,,,,,,Rosa,Agar,,,fnf5NNV12.!,20/03/1995 10:19,Female,Customer
amawford3d,,amawford3d@wisc.edu,,,,,,,,,,Athena,Mawford,,,elx5RXM78.!,04/12/1992 09:38,Female,Customer
hfanshaw3e,,hfanshaw3e@fema.gov,,,,,,,,,,Hiram,Fanshaw,,,tix5UTJ48.!,06/11/1999 02:06,Male,Customer
apallasch3f,,apallasch3f@deviantart.com,,,,,,,,,,Ailsun,Pallasch,,,ped0NEZ40.!,09/04/1991 10:41,Female,Customer
gwoollends3g,,gwoollends3g@pbs.org,,,,,,,,,,Garfield,Woollends,,,jjr5CTA88.!,29/09/2008 01:25,Male,Customer
bpfaffe3h,,bpfaffe3h@naver.com,,,,,,,,,,Barris,Pfaffe,,,yma1QAP19.!,25/03/1998 17:33,Male,Customer
rsabater3i,,rsabater3i@mail.ru,,,,,,,,,,Randal,Sabater,,,jur0VCA10.!,17/10/2007 21:19,Male,Customer
aaddicott3j,,aaddicott3j@pinterest.com,,,,,,,,,,Andris,Addicott,,,vpe4WHK20.!,17/11/1980 11:28,Male,Customer
slauks3k,,slauks3k@house.gov,,,,,,,,,,Sigfried,Lauks,,,rhn0WAW64.!,22/10/1996 11:26,Male,Customer
rfernie3l,,rfernie3l@weebly.com,,,,,,,,,,Rhea,Fernie,,,ltb1JIX51.!,02/02/1988 15:17,Female,Customer
krodden3m,,krodden3m@twitpic.com,,,,,,,,,,Kristi,Rodden,,,qpq5HND52.!,24/05/1994 22:14,Female,Customer
cvokes3n,,cvokes3n@usa.gov,,,,,,,,,,Cullen,Vokes,,,aqv8LES85.!,12/12/1993 07:50,Male,Customer
nmathissen3o,,nmathissen3o@creativecommons.org,,,,,,,,,,Nanice,Mathissen,,,xzd7NHJ19.!,16/10/1997 00:27,Female,Customer
dstruan3p,,dstruan3p@umn.edu,,,,,,,,,,Delores,Struan,,,plp1ANY51.!,16/11/1993 19:59,Female,Customer
mornillos3q,,mornillos3q@quantcast.com,,,,,,,,,,Marlene,Ornillos,,,qgl6RIL34.!,17/03/1992 09:32,Female,Customer
cpetters3r,,cpetters3r@spotify.com,,,,,,,,,,Caitrin,Petters,,,ebp2OFV82.!,12/06/2004 17:20,Female,Customer
esearle3s,,esearle3s@instagram.com,,,,,,,,,,Esma,Searle,,,lsy1EKO93.!,18/07/2008 08:24,Female,Customer
cdmitrovic3t,,cdmitrovic3t@bizjournals.com,,,,,,,,,,Claudina,Dmitrovic,,,wux9AQE26.!,08/04/1997 15:28,Female,Customer
bworwood3u,,bworwood3u@meetup.com,,,,,,,,,,Bruno,Worwood,,,tto4NTW22.!,30/10/1986 22:08,Male,Customer
twroth3v,,twroth3v@bing.com,,,,,,,,,,Theo,Wroth,,,vog7MLZ10.!,31/01/2008 13:24,Male,Customer
cdring3w,,cdring3w@zdnet.com,,,,,,,,,,Cello,Dring,,,roa7YOG96.!,29/04/2000 15:54,Male,Customer
pcripin3x,,pcripin3x@freewebs.com,,,,,,,,,,Petey,Cripin,,,lai0DAL40.!,15/12/1996 08:06,Male,Customer
evearnals3y,,evearnals3y@stanford.edu,,,,,,,,,,Evelyn,Vearnals,,,zgy1XTL53.!,29/01/1998 06:14,Male,Customer
dduck3z,,dduck3z@opensource.org,,,,,,,,,,Domeniga,Duck,,,vnp5YNT82.!,17/07/1990 01:31,Female,Customer
bbearfoot40,,bbearfoot40@ocn.ne.jp,,,,,,,,,,Bartolomeo,Bearfoot,,,kgm8ICR61.!,06/04/1998 20:02,Male,Customer
rsoares41,,rsoares41@nyu.edu,,,,,,,,,,Reyna,Soares,,,quz9BSN46.!,31/12/1988 13:12,Female,Customer
llafaye42,,llafaye42@constantcontact.com,,,,,,,,,,Lauri,Lafaye,,,kty9YAC57.!,05/03/1986 16:17,Female,Customer
ctower43,,ctower43@seesaa.net,,,,,,,,,,Celia,Tower,,,qap0YIA21.!,21/02/1987 04:18,Female,Customer
gschultheiss44,,gschultheiss44@house.gov,,,,,,,,,,Georg,Schultheiss,,,itt6WKI99.!,06/06/1989 01:35,Male,Customer
hcary45,,hcary45@xing.com,,,,,,,,,,Hollyanne,Cary,,,uip5MXB71.!,03/01/2009 15:05,Female,Customer
sgoadsby46,,sgoadsby46@wix.com,,,,,,,,,,Serge,Goadsby,,,yjz2VTH29.!,28/01/1994 22:56,Male,Customer
wbrack47,,wbrack47@pbs.org,,,,,,,,,,Weylin,Brack,,,bak6ANO46.!,14/07/1982 13:05,Male,Customer
kteasdale48,,kteasdale48@xrea.com,,,,,,,,,,Klara,Teasdale,,,nul5QAV43.!,18/10/1992 05:01,Female,Customer
cottewell49,,cottewell49@loc.gov,,,,,,,,,,Cathe,Ottewell,,,fwv7AUU51.!,26/12/2003 00:02,Female,Customer
ltupie4a,,ltupie4a@yale.edu,,,,,,,,,,Loren,Tupie,,,dlz5UVR20.!,22/10/1986 08:56,Male,Customer
kbryer4b,,kbryer4b@dailymail.co.uk,,,,,,,,,,Kellie,Bryer,,,ggq6DAO04.!,07/07/1988 06:06,Female,Customer
tjannex4c,,tjannex4c@livejournal.com,,,,,,,,,,Tomas,Jannex,,,hdb7WBU11.!,21/11/1983 00:34,Male,Customer
whinkens4d,,whinkens4d@altervista.org,,,,,,,,,,Wendall,Hinkens,,,abr4MPP07.!,25/07/2005 14:38,Male,Customer
ssillis4e,,ssillis4e@typepad.com,,,,,,,,,,Sashenka,Sillis,,,cuo3HCR94.!,17/05/2002 12:22,Female,Customer
cjuggins4f,,cjuggins4f@ehow.com,,,,,,,,,,Corly,Juggins,,,ols0GLG40.!,19/03/1983 12:23,Female,Customer
crogerot4g,,crogerot4g@weibo.com,,,,,,,,,,Collie,Rogerot,,,qoc4WFC82.!,27/01/1988 10:22,Female,Customer
wdowman4h,,wdowman4h@ft.com,,,,,,,,,,Warde,Dowman,,,miy7GRP36.!,23/09/1986 15:39,Male,Customer
beliasson4i,,beliasson4i@chron.com,,,,,,,,,,Bernadine,Eliasson,,,vzg6UUG92.!,18/09/2008 13:16,Female,Customer
bklampk4j,,bklampk4j@nbcnews.com,,,,,,,,,,Bobbe,Klampk,,,qiz3GAV74.!,11/03/2003 05:44,Female,Customer
pdracksford4k,,pdracksford4k@berkeley.edu,,,,,,,,,,Pet,Dracksford,,,fid2VYX06.!,26/02/2008 05:23,Female,Customer
tpittock4l,,tpittock4l@tiny.cc,,,,,,,,,,Tonie,Pittock,,,yyl4NSG00.!,04/02/2000 17:40,Female,Customer
epaddon4m,,epaddon4m@wufoo.com,,,,,,,,,,Eolande,Paddon,,,oqm5FDK97.!,09/06/1989 05:55,Female,Customer
emallows4n,,emallows4n@sourceforge.net,,,,,,,,,,Ezri,Mallows,,,llx8JPJ75.!,05/11/1987 19:45,Male,Customer
pwahner4o,,pwahner4o@miitbeian.gov.cn,,,,,,,,,,Pete,Wahner,,,ikz8GOV02.!,25/01/2003 00:51,Male,Customer
bbeckinsale4p,,bbeckinsale4p@artisteer.com,,,,,,,,,,Buckie,Beckinsale,,,rhk5LXU57.!,01/01/1999 21:06,Male,Customer
dbrandli4q,,dbrandli4q@army.mil,,,,,,,,,,Daron,Brandli,,,ake2JFC27.!,07/04/2001 07:50,Female,Customer
nknights4r,,nknights4r@cornell.edu,,,,,,,,,,Nettie,Knights,,,jrb4HXX77.!,03/07/1989 21:42,Female,Customer
gkeningham4s,,gkeningham4s@chicagotribune.com,,,,,,,,,,Guglielma,Keningham,,,yzp3WNC41.!,27/05/1982 11:08,Female,Customer
fsitlington4t,,fsitlington4t@youtube.com,,,,,,,,,,Fae,Sitlington,,,gwg9ZEU59.!,15/01/1999 18:48,Female,Customer
jhince4u,,jhince4u@house.gov,,,,,,,,,,Jeannette,Hince,,,zyt4WWY30.!,31/12/1981 06:38,Female,Customer
vcurlis4v,,vcurlis4v@twitter.com,,,,,,,,,,Valeria,Curlis,,,hqg0ZRG65.!,31/01/1991 00:23,Female,Customer
cmutlow4w,,cmutlow4w@exblog.jp,,,,,,,,,,Cornell,Mutlow,,,owe0ZHN14.!,26/02/2009 09:49,Male,Customer
bkobiela4x,,bkobiela4x@apache.org,,,,,,,,,,Barde,Kobiela,,,osq4KEQ18.!,13/03/2003 14:12,Male,Customer
mbirbeck4y,,mbirbeck4y@google.com.au,,,,,,,,,,Malvin,Birbeck,,,jet6AGP49.!,17/06/1985 22:55,Male,Customer
wjudkins4z,,wjudkins4z@unesco.org,,,,,,,,,,Whitney,Judkins,,,rgf6MNQ58.!,12/01/1991 22:57,Male,Customer
cscholz50,,cscholz50@businessinsider.com,,,,,,,,,,Candi,Scholz,,,sxf9FTW14.!,16/04/1999 20:29,Female,Customer
ibeckhurst51,,ibeckhurst51@samsung.com,,,,,,,,,,Imogene,Beckhurst,,,tud0EHA57.!,10/11/1986 14:37,Female,Customer
otreker52,,otreker52@alexa.com,,,,,,,,,,Obadias,Treker,,,lzy0SJK06.!,05/09/2000 21:19,Male,Customer
cdikelin53,,cdikelin53@hugedomains.com,,,,,,,,,,Chloris,Dikelin,,,cmj1NPF31.!,20/07/1998 18:07,Female,Customer
bkinver54,,bkinver54@mlb.com,,,,,,,,,,Brian,Kinver,,,vqe1GAT97.!,22/02/2010 17:15,Male,Customer
gkevlin55,,gkevlin55@economist.com,,,,,,,,,,Godwin,Kevlin,,,qfg0TXV72.!,21/12/2009 04:48,Male,Customer
jhinksen56,,jhinksen56@myspace.com,,,,,,,,,,Janella,Hinksen,,,jgj3CHU66.!,18/07/1991 01:32,Female,Customer
lmcgrirl57,,lmcgrirl57@apache.org,,,,,,,,,,Lazar,McGrirl,,,kkt3EXP57.!,22/08/1983 21:39,Male,Customer
tlonding58,,tlonding58@domainmarket.com,,,,,,,,,,Thelma,Londing,,,fsf3WBB58.!,21/10/1986 04:10,Female,Customer
thandman59,,thandman59@timesonline.co.uk,,,,,,,,,,Trudie,Handman,,,goe6MHE70.!,08/10/1991 11:49,Female,Customer
glewsam5a,,glewsam5a@macromedia.com,,,,,,,,,,Gare,Lewsam,,,ztm5APH01.!,02/12/1980 15:56,Male,Customer
odumbrall5b,,odumbrall5b@washington.edu,,,,,,,,,,Oriana,Dumbrall,,,dzx5LMH23.!,31/08/1995 07:04,Female,Customer
ntremmil5c,,ntremmil5c@shinystat.com,,,,,,,,,,Noreen,Tremmil,,,sqe3BEN57.!,24/04/1991 04:30,Female,Customer
amacari5d,,amacari5d@livejournal.com,,,,,,,,,,Albertina,Macari,,,unt6EKK83.!,12/03/2003 21:55,Female,Customer
ksiddens5e,,ksiddens5e@ucsd.edu,,,,,,,,,,Kerrin,Siddens,,,pph9DJA02.!,10/12/1992 09:51,Female,Customer
vdugue5f,,vdugue5f@mac.com,,,,,,,,,,Vilma,Dugue,,,kpo7MAQ47.!,11/12/2005 10:02,Female,Customer
sblakiston5g,,sblakiston5g@ebay.co.uk,,,,,,,,,,Sampson,Blakiston,,,asz9DPA52.!,30/03/1998 10:48,Male,Customer
sberrecloth5h,,sberrecloth5h@e-recht24.de,,,,,,,,,,Seka,Berrecloth,,,tzl5KTR49.!,22/06/2008 10:17,Female,Customer
bakaster5i,,bakaster5i@yolasite.com,,,,,,,,,,Brok,Akaster,,,eqg7MMC67.!,11/07/1993 12:34,Male,Customer
khrishanok5j,,khrishanok5j@businesswire.com,,,,,,,,,,Kakalina,Hrishanok,,,rjp5TCP87.!,15/10/2002 13:51,Female,Customer
jdering5k,,jdering5k@soup.io,,,,,,,,,,Jessy,Dering,,,srg6XYI42.!,22/08/1994 03:03,Female,Customer
xurling5l,,xurling5l@blogger.com,,,,,,,,,,Xerxes,Urling,,,jtf5WJR04.!,14/06/1998 15:50,Male,Customer
cmacgee5m,,cmacgee5m@about.me,,,,,,,,,,Cleavland,MacGee,,,fxg0LBQ62.!,16/11/2000 12:23,Male,Customer
slandeg5n,,slandeg5n@soundcloud.com,,,,,,,,,,Shanan,Landeg,,,sws8HQD05.!,25/01/1987 05:54,Male,Customer
csarginson5o,,csarginson5o@blogs.com,,,,,,,,,,Cariotta,Sarginson,,,mzr8ZUM47.!,06/07/2007 07:04,Female,Customer
sstoker5p,,sstoker5p@unc.edu,,,,,,,,,,Sella,Stoker,,,nqd4VQG87.!,13/01/2000 16:15,Female,Customer
dfozzard5q,,dfozzard5q@arstechnica.com,,,,,,,,,,Dermot,Fozzard,,,uee5PIX16.!,05/12/1995 16:21,Male,Customer
rbayly5r,,rbayly5r@posterous.com,,,,,,,,,,Rollin,Bayly,,,lta4AUL52.!,11/02/1986 19:40,Male,Customer
rwardhaw5s,,rwardhaw5s@mozilla.org,,,,,,,,,,Raine,Wardhaw,,,hzg3EFM43.!,14/03/1985 15:44,Female,Customer
csoaper5t,,csoaper5t@comsenz.com,,,,,,,,,,Constancy,Soaper,,,tun4QIB44.!,19/06/1981 18:59,Female,Customer
dbapty5u,,dbapty5u@google.com.au,,,,,,,,,,Dennie,Bapty,,,iwa2LGW52.!,09/10/2008 01:47,Female,Customer
bmucci5v,,bmucci5v@sphinn.com,,,,,,,,,,Boote,Mucci,,,fvd3YSX10.!,17/09/1985 00:49,Male,Customer
pbrantzen5w,,pbrantzen5w@google.cn,,,,,,,,,,Pattin,Brantzen,,,lig7VBM65.!,22/07/1985 09:32,Male,Customer
jkillock5x,,jkillock5x@bluehost.com,,,,,,,,,,Jodie,Killock,,,gqx1DGQ77.!,28/04/2003 15:20,Male,Customer
hdominique5y,,hdominique5y@dedecms.com,,,,,,,,,,Hildy,Dominique,,,diy7GDT43.!,22/02/1991 23:15,Female,Customer
lpasticznyk5z,,lpasticznyk5z@bbc.co.uk,,,,,,,,,,Luce,Pasticznyk,,,ebd6QZC50.!,22/11/1991 00:05,Female,Customer
lmilburne60,,lmilburne60@google.com.au,,,,,,,,,,Lula,Milburne,,,elm8KPL01.!,16/03/1994 05:15,Female,Customer
shawler61,,shawler61@fastcompany.com,,,,,,,,,,Sybil,Hawler,,,hot0OPW11.!,20/06/2007 03:42,Female,Customer
vlinscott62,,vlinscott62@gmpg.org,,,,,,,,,,Veronique,Linscott,,,bac6ECO93.!,26/03/1997 15:39,Female,Customer
fbroadhead63,,fbroadhead63@godaddy.com,,,,,,,,,,Feodora,Broadhead,,,hsv5PAG28.!,13/07/2004 11:05,Female,Customer
mpren64,,mpren64@newsvine.com,,,,,,,,,,Mitchael,Pren,,,qlf2EKQ45.!,31/03/1992 17:40,Male,Customer
jtudor65,,jtudor65@umich.edu,,,,,,,,,,Janaye,Tudor,,,srd6CUF52.!,03/05/1992 23:55,Female,Customer
lfoster66,,lfoster66@wikispaces.com,,,,,,,,,,Larina,Foster,,,wvu1VIY80.!,13/06/1999 03:22,Female,Customer
waskew67,,waskew67@liveinternet.ru,,,,,,,,,,Woodman,Askew,,,wfo1JES60.!,05/09/1990 04:29,Male,Customer
lfawdrey68,,lfawdrey68@cyberchimps.com,,,,,,,,,,Ludvig,Fawdrey,,,rea5ONA28.!,16/09/2000 14:29,Male,Customer
atall69,,atall69@nationalgeographic.com,,,,,,,,,,Aggie,Tall,,,eby5DOX54.!,07/07/1981 06:42,Female,Customer
rbetser6a,,rbetser6a@harvard.edu,,,,,,,,,,Raye,Betser,,,sni4KQY96.!,01/07/2006 11:51,Female,Customer
hleyre6b,,hleyre6b@networksolutions.com,,,,,,,,,,Hubie,Leyre,,,sjy2DWM59.!,30/05/1981 22:19,Male,Customer
cscutching6c,,cscutching6c@paginegialle.it,,,,,,,,,,Cary,Scutching,,,nnl9TVB17.!,07/09/1985 05:52,Female,Customer
bvinau6d,,bvinau6d@nymag.com,,,,,,,,,,Bartholomew,Vinau,,,qdw5UJP87.!,16/12/2005 17:12,Male,Customer
btabbitt6e,,btabbitt6e@psu.edu,,,,,,,,,,Blondy,Tabbitt,,,hie2XFB38.!,17/10/1985 10:43,Female,Customer
ablaylock6f,,ablaylock6f@phoca.cz,,,,,,,,,,Albie,Blaylock,,,ole7UWV59.!,18/06/2006 12:41,Male,Customer
sswindles6g,,sswindles6g@mashable.com,,,,,,,,,,Shelly,Swindles,,,dsm6GDI99.!,16/08/1987 06:14,Female,Customer
ylevensky6h,,ylevensky6h@un.org,,,,,,,,,,Yvonne,Levensky,,,yik3YWG45.!,23/07/2002 21:10,Female,Customer
mamer6i,,mamer6i@g.co,,,,,,,,,,Miof mela,Amer,,,xsx6DEM96.!,31/10/1989 00:16,Female,Customer
ledwins6j,,ledwins6j@mediafire.com,,,,,,,,,,Lowrance,Edwins,,,eqy9ALU08.!,05/10/1996 15:04,Male,Customer
hcarbery6k,,hcarbery6k@last.fm,,,,,,,,,,Henry,Carbery,,,hsa7SLS08.!,20/09/2000 15:00,Male,Customer
ceakly6l,,ceakly6l@bravesites.com,,,,,,,,,,Cherrita,Eakly,,,eec0UXM60.!,21/04/2009 22:03,Female,Customer
lrishbrook6m,,lrishbrook6m@yellowpages.com,,,,,,,,,,Ludvig,Rishbrook,,,wvu8CEK61.!,17/02/1996 08:30,Male,Customer
tbleaden6n,,tbleaden6n@slate.com,,,,,,,,,,Tuck,Bleaden,,,mnx3EYV59.!,12/04/1985 14:42,Male,Customer
mshapiro6o,,mshapiro6o@fotki.com,,,,,,,,,,Maureen,Shapiro,,,eoy7NFR95.!,07/10/1990 17:32,Female,Customer
csmales6p,,csmales6p@weather.com,,,,,,,,,,Chadwick,Smales,,,mud2HPO91.!,13/06/1997 11:41,Male,Customer
apaddick6q,,apaddick6q@csmonitor.com,,,,,,,,,,Alejandra,Paddick,,,bgo5VCD17.!,15/03/1996 18:51,Female,Customer
lropartz6r,,lropartz6r@hostgator.com,,,,,,,,,,Laraine,Ropartz,,,xlu8TAM71.!,17/05/2006 22:54,Female,Customer
sshallcross6s,,sshallcross6s@ehow.com,,,,,,,,,,Susana,Shallcross,,,cle1LXP14.!,27/06/2007 14:38,Female,Customer
fdunkerley6t,,fdunkerley6t@vk.com,,,,,,,,,,Franciska,Dunkerley,,,lkw8BHU41.!,06/11/2000 22:02,Female,Customer
mlefebre6u,,mlefebre6u@dailymail.co.uk,,,,,,,,,,Maxy,Le febre,,,oap6ZDK91.!,14/12/1982 23:25,Male,Customer
afolini6v,,afolini6v@reverbnation.com,,,,,,,,,,Ambrosius,Folini,,,fzl8IBQ72.!,11/06/2002 22:07,Male,Customer
bbiscomb6w,,bbiscomb6w@reverbnation.com,,,,,,,,,,Bern,Biscomb,,,kdp0ZFQ34.!,26/06/1996 12:58,Male,Customer
jbrundale6x,,jbrundale6x@alexa.com,,,,,,,,,,Juliette,Brundale,,,gxh4XZK02.!,22/08/1998 09:17,Female,Customer
wsurgey6y,,wsurgey6y@163.com,,,,,,,,,,Winna,Surgey,,,smi6SBV52.!,15/10/2005 05:13,Female,Customer
scoolahan6z,,scoolahan6z@sakura.ne.jp,,,,,,,,,,Shirlee,Coolahan,,,brp0JDD14.!,02/02/1991 06:19,Female,Customer
bputton70,,bputton70@angelfire.com,,,,,,,,,,Branden,Putton,,,rvs3UNS83.!,16/01/1988 20:08,Male,Customer
nedgeller71,,nedgeller71@gov.uk,,,,,,,,,,Nannette,Edgeller,,,lgs5COY33.!,06/08/1986 00:44,Female,Customer
phuston72,,phuston72@amazon.de,,,,,,,,,,Papagena,Huston,,,noc6GLW79.!,15/06/2002 15:39,Female,Customer
cfevier73,,cfevier73@ibm.com,,,,,,,,,,Christoffer,Fevier,,,jym3PPS22.!,02/02/1995 18:04,Male,Customer
mleyland74,,mleyland74@uol.com.br,,,,,,,,,,Mace,Leyland,,,xtf0EBH45.!,16/09/1986 01:06,Male,Customer
ecosser75,,ecosser75@icq.com,,,,,,,,,,Ede,Cosser,,,aaa6LMK61.!,11/04/1990 11:06,Female,Customer
hfontenot76,,hfontenot76@unesco.org,,,,,,,,,,Hyacinthie,Fontenot,,,xbm6KPC41.!,12/04/1991 14:03,Female,Customer
twheildon77,,twheildon77@walmart.com,,,,,,,,,,Tabitha,Wheildon,,,muq5ZMB99.!,07/09/2006 14:32,Female,Customer
fdefrancisci78,,fdefrancisci78@vistaprint.com,,,,,,,,,,Fidelity,De Francisci,,,orz8MPF12.!,16/11/1995 18:58,Female,Customer
sszachniewicz79,,sszachniewicz79@google.es,,,,,,,,,,Stanley,Szachniewicz,,,vit2OOC22.!,15/06/1981 17:18,Male,Customer
hwoolforde7a,,hwoolforde7a@jimdo.com,,,,,,,,,,Harlin,Woolforde,,,aat7TDN51.!,26/02/2006 07:54,Male,Customer
idunsmuir7b,,idunsmuir7b@mail.ru,,,,,,,,,,Ingelbert,Dunsmuir,,,cim9XJB41.!,07/02/2000 19:38,Male,Customer
mhardy7c,,mhardy7c@statcounter.com,,,,,,,,,,Moreen,Hardy,,,upg5WKX21.!,28/03/1983 12:23,Female,Customer
acrocombe7d,,acrocombe7d@mashable.com,,,,,,,,,,Andy,Crocombe,,,vzn4QRK52.!,31/12/2004 16:39,Female,Customer
gholmes7e,,gholmes7e@lulu.com,,,,,,,,,,Gram,holmes,,,vlp9MES57.!,19/01/1987 12:10,Male,Customer
mpetrolli7f,,mpetrolli7f@telegraph.co.uk,,,,,,,,,,Merell,Petrolli,,,bek8KVC47.!,26/08/1995 08:13,Male,Customer
zbowry7g,,zbowry7g@cornell.edu,,,,,,,,,,Zola,Bowry,,,oqf1SKJ03.!,11/04/1988 17:56,Female,Customer
rbywater7h,,rbywater7h@wikispaces.com,,,,,,,,,,Ricki,Bywater,,,rml7TRZ37.!,25/07/1985 10:36,Female,Customer
javramovsky7i,,javramovsky7i@bloglines.com,,,,,,,,,,Joanne,Avramovsky,,,kns4TET03.!,18/03/1998 02:48,Female,Customer
sspavon7j,,sspavon7j@joomla.org,,,,,,,,,,Seymour,Spavon,,,nwo1UKA99.!,29/07/2001 16:29,Male,Customer
cgerrard7k,,cgerrard7k@sbwire.com,,,,,,,,,,Courtney,Gerrard,,,arr2INN48.!,01/12/1998 08:10,Male,Customer
cebdon7l,,cebdon7l@reference.com,,,,,,,,,,Cacilie,Ebdon,,,hmc9YGX30.!,08/07/2003 14:55,Female,Customer
ehenrie7m,,ehenrie7m@google.com.br,,,,,,,,,,Eric,Henrie,,,wum2ZCN62.!,06/06/1997 00:27,Male,Customer
dcrickett7n,,dcrickett7n@desdev.cn,,,,,,,,,,Douglas,Crickett,,,otz9KOJ18.!,26/06/1980 07:33,Male,Customer
gattaway7o,,gattaway7o@about.me,,,,,,,,,,Gina,Attaway,,,aky2TCC71.!,20/06/1981 11:25,Female,Customer
lbortolini7p,,lbortolini7p@51.la,,,,,,,,,,Lucinda,Bortolini,,,slh4YMT86.!,04/12/1984 10:21,Female,Customer
ereinert7q,,ereinert7q@chronoengine.com,,,,,,,,,,Ealasaid,Reinert,,,qgz9GQN49.!,27/07/2000 12:12,Female,Customer
rgeindre7r,,rgeindre7r@ebay.co.uk,,,,,,,,,,Riki,Geindre,,,ovn3JAU46.!,21/05/2002 01:59,Female,Customer
jdilke7s,,jdilke7s@dot.gov,,,,,,,,,,Jehu,Dilke,,,vyy6EBQ67.!,14/08/1980 04:38,Male,Customer
cduignan7t,,cduignan7t@seesaa.net,,,,,,,,,,Candra,Duignan,,,pfr8UXR65.!,28/04/1999 03:46,Female,Customer
chatch7u,,chatch7u@deviantart.com,,,,,,,,,,Camella,Hatch,,,vtx7IUF31.!,20/07/1995 08:37,Female,Customer
vchaperling7v,,vchaperling7v@cbslocal.com,,,,,,,,,,Vinny,Chaperling,,,pqb6JEQ00.!,17/01/2008 20:28,Female,Customer
aleipold7w,,aleipold7w@pcworld.com,,,,,,,,,,Arvie,Leipold,,,ovx5JLY19.!,12/05/1996 05:11,Male,Customer
jgodbold7x,,jgodbold7x@fc2.com,,,,,,,,,,Janey,Godbold,,,cag7QBC96.!,11/08/1984 03:01,Female,Customer
fgerrets7y,,fgerrets7y@sciencedirect.com,,,,,,,,,,Frank,Gerrets,,,shz7GSS00.!,11/11/1996 15:31,Male,Customer
cmain7z,,cmain7z@free.fr,,,,,,,,,,Caresa,Main,,,hau2GBA14.!,08/10/1990 13:38,Female,Customer
rtoping80,,rtoping80@weebly.com,,,,,,,,,,Renell,Toping,,,olv6NGL72.!,21/04/1985 10:22,Female,Customer
rhilldrup81,,rhilldrup81@instagram.com,,,,,,,,,,Rory,Hilldrup,,,vkj3LVW31.!,18/11/2003 06:46,Female,Customer
rdreakin82,,rdreakin82@usnews.com,,,,,,,,,,Roley,Dreakin,,,aws2VVM05.!,25/11/2008 14:37,Male,Customer
ealtoft83,,ealtoft83@harvard.edu,,,,,,,,,,Ebeneser,Altoft,,,mnu7TPB03.!,05/07/1980 07:24,Male,Customer
mmouncher84,,mmouncher84@freewebs.com,,,,,,,,,,Minetta,Mouncher,,,ppc9PYZ24.!,29/10/1980 22:37,Female,Customer
gjemison85,,gjemison85@illinois.edu,,,,,,,,,,Guthry,Jemison,,,znj1TIA53.!,19/08/1984 19:19,Male,Customer
jseery86,,jseery86@wikimedia.org,,,,,,,,,,Jackelyn,Seery,,,xsp1OAW38.!,27/11/1991 17:30,Female,Customer
eperell87,,eperell87@utexas.edu,,,,,,,,,,Ev,Perell,,,qyz2IMG15.!,04/03/1989 13:29,Male,Customer
wmcwhannel88,,wmcwhannel88@gnu.org,,,,,,,,,,Wanda,McWhannel,,,sbk5LLK25.!,27/05/2006 13:49,Female,Customer
mmcilmurray89,,mmcilmurray89@umich.edu,,,,,,,,,,Minerva,McIlmurray,,,mur4IOJ63.!,26/09/1996 22:18,Female,Customer
gvannuccinii8a,,gvannuccinii8a@geocities.jp,,,,,,,,,,Giffie,Vannuccinii,,,kje4LZV96.!,04/07/2000 12:33,Male,Customer
jbelamy8b,,jbelamy8b@artisteer.com,,,,,,,,,,Jenica,Belamy,,,izb0KSR83.!,24/01/1985 17:13,Female,Customer
mwhitely8c,,mwhitely8c@cdbaby.com,,,,,,,,,,Marshal,Whitely,,,qgl0KIT46.!,08/12/1998 04:15,Male,Customer
zchattoe8d,,zchattoe8d@friendfeed.com,,,,,,,,,,Zebulon,Chattoe,,,xap4QPG08.!,10/03/1999 04:57,Male,Customer
jwalkey8e,,jwalkey8e@nba.com,,,,,,,,,,Jerri,Walkey,,,wwr4GBH41.!,18/11/1982 04:10,Male,Customer
ahalfpenny8f,,ahalfpenny8f@va.gov,,,,,,,,,,Aksel,Halfpenny,,,emi9TUW49.!,04/03/1996 23:32,Male,Customer
esausman8g,,esausman8g@marketwatch.com,,,,,,,,,,Elden,Sausman,,,koi4YES45.!,28/07/1995 21:28,Male,Customer
rsimmans8h,,rsimmans8h@dedecms.com,,,,,,,,,,Rubin,Simmans,,,gbo3BSD39.!,24/05/2002 01:38,Male,Customer
apfeifer8i,,apfeifer8i@blogtalkradio.com,,,,,,,,,,Aguste,Pfeifer,,,gbb7ABO69.!,24/06/1991 00:55,Male,Customer
ohing8j,,ohing8j@bbb.org,,,,,,,,,,Ozzie,Hing,,,sod1DUD62.!,17/09/1980 07:34,Male,Customer
mhacking8k,,mhacking8k@hibu.com,,,,,,,,,,Meara,Hacking,,,agx4OLZ54.!,01/04/1986 12:26,Female,Customer
aclem8l,,aclem8l@booking.com,,,,,,,,,,Anjela,Clem,,,mky0WGW01.!,14/05/2006 07:17,Female,Customer
wbowes8m,,wbowes8m@1und1.de,,,,,,,,,,Wainwright,Bowes,,,rep4WMN03.!,14/10/1999 14:34,Male,Customer
randraud8n,,randraud8n@nydailynews.com,,,,,,,,,,Ranice,Andraud,,,gfd5VNL88.!,13/05/1996 21:21,Female,Customer
omowsdill8o,,omowsdill8o@narod.ru,,,,,,,,,,Orsa,Mowsdill,,,vro1AYN63.!,04/12/1991 14:11,Female,Customer
mstivani8p,,mstivani8p@unc.edu,,,,,,,,,,Maribelle,Stivani,,,koq1SZX00.!,18/07/1982 22:32,Female,Customer
scoupar8q,,scoupar8q@ft.com,,,,,,,,,,Sally,Coupar,,,szd0UMW34.!,02/01/2009 03:22,Female,Customer
iinskipp8r,,iinskipp8r@php.net,,,,,,,,,,Ingram,Inskipp,,,yqc5ELA07.!,25/01/1985 15:34,Male,Customer
ocota8s,,ocota8s@list-manage.com,,,,,,,,,,Orren,Cota,,,azw0RDD99.!,12/07/2004 02:12,Male,Customer
msavil8t,,msavil8t@acquirethisname.com,,,,,,,,,,Maible,Savil,,,zfz7HHE21.!,15/10/1994 11:14,Female,Customer
apryer8u,,apryer8u@economist.com,,,,,,,,,,Ashton,Pryer,,,gvz2ARX47.!,26/10/2001 06:44,Male,Customer
hnorthgraves8v,,hnorthgraves8v@bloomberg.com,,,,,,,,,,Hadley,Northgraves,,,ull4YAF68.!,29/08/2006 21:24,Male,Customer
jcarratt8w,,jcarratt8w@ucsd.edu,,,,,,,,,,Jedd,Carratt,,,gfp8OAQ30.!,10/02/1982 07:39,Male,Customer
cmcgerr8x,,cmcgerr8x@parallels.com,,,,,,,,,,Clevie,McGerr,,,apk4GMG27.!,02/09/1992 20:49,Male,Customer
tmacgray8y,,tmacgray8y@mapquest.com,,,,,,,,,,Tiffanie,MacGray,,,ymp0DLD41.!,08/08/1996 11:33,Female,Customer
aduester8z,,aduester8z@miibeian.gov.cn,,,,,,,,,,Arley,Duester,,,uvw0VPZ29.!,10/01/1995 11:47,Male,Customer
nrenol90,,nrenol90@salon.com,,,,,,,,,,Neil,Renol,,,zme3RSV21.!,14/05/1980 09:54,Male,Customer
fshalloe91,,fshalloe91@fema.gov,,,,,,,,,,Frans,Shalloe,,,mdo7VRA33.!,23/10/2009 06:37,Male,Customer
jklimkov92,,jklimkov92@google.pl,,,,,,,,,,Junie,Klimkov,,,bjr6EHJ53.!,25/04/1980 03:09,Female,Customer
omulliner93,,omulliner93@symantec.com,,,,,,,,,,Opalina,Mulliner,,,viy8MHT73.!,30/12/2009 15:12,Female,Customer
bstudart94,,bstudart94@angelfire.com,,,,,,,,,,Blair,Studart,,,pqa1PDH00.!,12/01/2001 21:32,Male,Customer
upea95,,upea95@ow.ly,,,,,,,,,,Upton,Pea,,,zsq8ICJ38.!,22/03/2007 23:27,Male,Customer
bbowers96,,bbowers96@jigsy.com,,,,,,,,,,Blaine,Bowers,,,kwg3TIY47.!,29/12/1986 09:27,Male,Customer
bbygott97,,bbygott97@ibm.com,,,,,,,,,,Byran,Bygott,,,qhg5YBE37.!,03/04/1992 23:14,Male,Customer
eflaxman98,,eflaxman98@blogspot.com,,,,,,,,,,Elmer,Flaxman,,,nca6WQC25.!,24/08/1983 10:38,Male,Customer
rvolks99,,rvolks99@cargocollective.com,,,,,,,,,,Ronald,Volks,,,pjf5PVX14.!,28/12/2008 04:09,Male,Customer
satkins9a,,satkins9a@ezinearticles.com,,,,,,,,,,Sayre,Atkins,,,mzb3FDB15.!,06/09/1997 04:35,Male,Customer
dpeagrim9b,,dpeagrim9b@unicef.org,,,,,,,,,,Drake,Peagrim,,,bxy4XQP18.!,11/07/1985 10:29,Male,Customer
heble9c,,heble9c@vimeo.com,,,,,,,,,,Hastie,Eble,,,csg5PRZ43.!,15/09/1996 16:08,Male,Customer
hhenryson9d,,hhenryson9d@netvibes.com,,,,,,,,,,Hillier,Henryson,,,xgb3KLL01.!,19/06/2005 16:13,Male,Customer
kdarby9e,,kdarby9e@yale.edu,,,,,,,,,,Kassandra,Darby,,,wpo8ZHI33.!,21/05/1993 17:09,Female,Customer
fgibbin9f,,fgibbin9f@sina.com.cn,,,,,,,,,,Fawnia,Gibbin,,,lkh0QRQ23.!,07/12/2005 07:58,Female,Customer
jbarthelemy9g,,jbarthelemy9g@devhub.com,,,,,,,,,,Joellen,Barthelemy,,,gqf4RHR85.!,17/10/2007 11:50,Female,Customer
ehaselup9h,,ehaselup9h@digg.com,,,,,,,,,,Elvis,Haselup,,,zvc6TWO15.!,20/08/1994 09:55,Male,Customer
ahowes9i,,ahowes9i@quantcast.com,,,,,,,,,,Abbe,Howes,,,rle1GSY99.!,07/12/2007 08:46,Male,Customer
neshmade9j,,neshmade9j@japanpost.jp,,,,,,,,,,Neil,Eshmade,,,vmi3OOI67.!,02/11/1982 15:16,Male,Customer
lfriedman9k,,lfriedman9k@dmoz.org,,,,,,,,,,Lazare,Friedman,,,ktq5HHC15.!,07/03/1989 02:07,Male,Customer
lmore9l,,lmore9l@goo.ne.jp,,,,,,,,,,Linet,More,,,igq5WNO71.!,12/11/1995 14:28,Female,Customer
fnutman9m,,fnutman9m@blogs.com,,,,,,,,,,Filberte,Nutman,,,ngp5SJL50.!,29/06/1995 08:55,Male,Customer
gkohlert9n,,gkohlert9n@usnews.com,,,,,,,,,,Giacomo,Kohlert,,,gcq3NQZ42.!,04/11/1995 11:14,Male,Customer
twinear9o,,twinear9o@answers.com,,,,,,,,,,Toby,Winear,,,qqu3TUZ40.!,22/09/1994 06:24,Male,Customer
gneilson9p,,gneilson9p@slate.com,,,,,,,,,,Grantham,Neilson,,,vnd0MEE80.!,17/02/2003 10:38,Male,Customer
sdommett9q,,sdommett9q@merriam-webster.com,,,,,,,,,,Saudra,Dommett,,,bxb3FRY19.!,12/04/2000 06:14,Female,Customer
nwhitesel9r,,nwhitesel9r@usa.gov,,,,,,,,,,Nessie,Whitesel,,,ijx4ZNX45.!,25/01/1985 19:01,Female,Customer
hveness9s,,hveness9s@cdc.gov,,,,,,,,,,Henriette,Veness,,,moq2PYH09.!,20/06/2003 16:47,Female,Customer
hscogings9t,,hscogings9t@dailymail.co.uk,,,,,,,,,,Hedvige,Scogings,,,ubk4YCC84.!,26/04/1995 10:30,Female,Customer
jgabits9u,,jgabits9u@ning.com,,,,,,,,,,Judah,Gabits,,,wxj8SJL62.!,06/02/1987 09:23,Male,Customer
ctregidgo9v,,ctregidgo9v@nhs.uk,,,,,,,,,,Clint,Tregidgo,,,xdq8AVC14.!,08/06/2003 22:31,Male,Customer
gmeekin9w,,gmeekin9w@state.tx.us,,,,,,,,,,Graeme,Meekin,,,lwb0YGY98.!,31/08/1993 07:18,Male,Customer
bbrokenbrow9x,,bbrokenbrow9x@nps.gov,,,,,,,,,,Barbie,Brokenbrow,,,gyf1URA54.!,05/09/2007 08:57,Female,Customer
nfreire9y,,nfreire9y@youku.com,,,,,,,,,,Niki,Freire,,,lcp8UNP07.!,06/11/2005 08:58,Male,Customer
oclaesens9z,,oclaesens9z@mtv.com,,,,,,,,,,Oswell,Claesens,,,sfo9VRH06.!,20/05/2003 19:22,Male,Customer
sfoxcrofta0,,sfoxcrofta0@elegantthemes.com,,,,,,,,,,Sara,Foxcroft,,,sca9BOY90.!,01/05/2006 04:39,Female,Customer
gamya1,,gamya1@shinystat.com,,,,,,,,,,Gretna,Amy,,,teg1QSR46.!,10/03/1987 22:40,Female,Customer
adrucea2,,adrucea2@gmpg.org,,,,,,,,,,Ana,Druce,,,vtv7AAT19.!,25/07/2007 10:39,Female,Customer
fbeedoma3,,fbeedoma3@china.com.cn,,,,,,,,,,Francis,Beedom,,,vom1QXS52.!,23/04/1988 11:04,Male,Customer
plistonea4,,plistonea4@altervista.org,,,,,,,,,,Pris,Listone,,,aqb5HLN21.!,09/11/1993 22:07,Female,Customer
kpiollia5,,kpiollia5@is.gd,,,,,,,,,,Kelcey,Piolli,,,eeq3ULF54.!,06/06/2008 03:01,Female,Customer
fjordena6,,fjordena6@mashable.com,,,,,,,,,,Fayina,Jorden,,,ckc6FQK54.!,12/06/2007 15:38,Female,Customer
bspybeya7,,bspybeya7@wikispaces.com,,,,,,,,,,Beau,Spybey,,,qsc3GMB03.!,26/03/1983 16:32,Male,Customer
bloddya8,,bloddya8@earthlink.net,,,,,,,,,,Burk,Loddy,,,dan6FWA93.!,28/07/2005 01:23,Male,Customer
rmierea9,,rmierea9@ebay.co.uk,,,,,,,,,,Rickert,Miere,,,xtd9NKU32.!,25/06/2007 12:38,Male,Customer
wredmondaa,,wredmondaa@tinypic.com,,,,,,,,,,Wynn,Redmond,,,yee8OJT23.!,10/05/2000 09:22,Male,Customer
ldallywaterab,,ldallywaterab@whitehouse.gov,,,,,,,,,,Leighton,Dallywater,,,tsp5ABS15.!,10/06/2006 11:05,Male,Customer
lprandiniac,,lprandiniac@soundcloud.com,,,,,,,,,,Lorna,Prandini,,,xwh5FCB19.!,29/01/2000 02:19,Female,Customer
lacorsad,,lacorsad@bluehost.com,,,,,,,,,,Lanie,Acors,,,msv3UQP98.!,01/09/2004 23:09,Male,Customer
rladdleae,,rladdleae@hp.com,,,,,,,,,,Rog,Laddle,,,yxy1GMK10.!,23/02/1981 12:46,Male,Customer
jpaddickaf,,jpaddickaf@acquirethisname.com,,,,,,,,,,Janeta,Paddick,,,jyg5MAU48.!,30/04/1982 19:51,Female,Customer
cbartlettag,,cbartlettag@themeforest.net,,,,,,,,,,Courtney,Bartlett,,,ykj4NDA19.!,28/04/2007 18:51,Female,Customer
sinettah,,sinettah@rediff.com,,,,,,,,,,Shelley,Inett,,,gsf7VLD12.!,27/05/1987 04:08,Female,Customer
aferrucciai,,aferrucciai@constantcontact.com,,,,,,,,,,Alfons,Ferrucci,,,leu8PMW80.!,18/06/1987 01:31,Male,Customer
bcanoaj,,bcanoaj@apple.com,,,,,,,,,,Brennen,Cano,,,ivc7UVJ32.!,05/07/1990 09:26,Male,Customer
gaspenlonak,,gaspenlonak@e-recht24.de,,,,,,,,,,Garrott,Aspenlon,,,xss6RQW22.!,21/03/1990 20:52,Male,Customer
mtatlockal,,mtatlockal@ustream.tv,,,,,,,,,,Mendel,Tatlock,,,sac7ZUB86.!,14/07/2005 16:16,Male,Customer
cwiganam,,cwiganam@hud.gov,,,,,,,,,,Collin,Wigan,,,pmk5DDN94.!,01/03/2007 02:16,Male,Customer
gdiessan,,gdiessan@g.co,,,,,,,,,,Gardie,Diess,,,poo2HCY30.!,20/01/1999 20:21,Male,Customer
medelmannao,,medelmannao@fema.gov,,,,,,,,,,Maris,Edelmann,,,cpj2KON80.!,18/06/2000 07:15,Female,Customer
abotheap,,abotheap@angelfire.com,,,,,,,,,,Anetta,Bothe,,,rxh3NDS67.!,22/03/1984 15:25,Female,Customer
hbedbroughaq,,hbedbroughaq@sfgate.com,,,,,,,,,,Halette,Bedbrough,,,sas5KKT66.!,18/09/1984 15:45,Female,Customer
cslocomar,,cslocomar@mit.edu,,,,,,,,,,Cleve,Slocom,,,pca5YWG35.!,04/12/1997 10:57,Male,Customer
mbrotherickas,,mbrotherickas@plala.or.jp,,,,,,,,,,Maiga,Brotherick,,,byc3AEO70.!,19/05/1980 04:08,Female,Customer
wharriotat,,wharriotat@aol.com,,,,,,,,,,Washington,Harriot,,,fnp4WXN60.!,05/05/2002 03:58,Male,Customer
tmactimpanyau,,tmactimpanyau@hibu.com,,,,,,,,,,Thurstan,MacTimpany,,,mkp3LBL84.!,01/12/1987 10:58,Male,Customer
jstedsonav,,jstedsonav@upenn.edu,,,,,,,,,,Jobina,Stedson,,,asn9IQC50.!,12/11/1993 05:10,Female,Customer
nbuffeyaw,,nbuffeyaw@addthis.com,,,,,,,,,,Nevins,Buffey,,,agw8SIW38.!,29/01/2003 23:49,Male,Customer
lorrax,,lorrax@example.com,,,,,,,,,,Letizia,Orr,,,xsl0SWN45.!,17/12/1989 11:41,Female,Customer
dglennay,,dglennay@army.mil,,,,,,,,,,Devlin,Glenn,,,dlb5FHY24.!,19/03/2004 01:45,Male,Customer
cmaddoxaz,,cmaddoxaz@constantcontact.com,,,,,,,,,,Constantine,Maddox,,,pxl3ZNK59.!,09/08/2009 04:23,Female,Customer
amouginb0,,amouginb0@squarespace.com,,,,,,,,,,Alessandro,Mougin,,,wpc6YAT97.!,27/05/2000 20:30,Male,Customer
pmugglestoneb1,,pmugglestoneb1@ocn.ne.jp,,,,,,,,,,Pearla,Mugglestone,,,twn8DYM28.!,25/11/1999 07:18,Female,Customer
sgentschb2,,sgentschb2@myspace.com,,,,,,,,,,Sergio,Gentsch,,,cqj4PTP45.!,13/06/2005 01:49,Male,Customer
cmudieb3,,cmudieb3@purevolume.com,,,,,,,,,,Clayborn,Mudie,,,cmd1TGM24.!,17/01/2002 05:29,Male,Customer
mklaesb4,,mklaesb4@vimeo.com,,,,,,,,,,Myles,Klaes,,,vcj6YJG77.!,02/07/1996 08:55,Male,Customer
ebenziesb5,,ebenziesb5@sciencedaily.com,,,,,,,,,,Eberhard,Benzies,,,zoj8XTU24.!,19/12/2003 15:32,Male,Customer
llampensb6,,llampensb6@apple.com,,,,,,,,,,Lisabeth,Lampens,,,imj2FAF97.!,14/12/1990 15:56,Female,Customer
jgustusb7,,jgustusb7@amazonaws.com,,,,,,,,,,Jason,Gustus,,,upk3RYH67.!,18/07/1994 17:41,Male,Customer
jdjekovicb8,,jdjekovicb8@ft.com,,,,,,,,,,Joete,Djekovic,,,zav2EBO13.!,27/05/1982 18:32,Female,Customer
tsharpleyb9,,tsharpleyb9@eepurl.com,,,,,,,,,,Tarah,Sharpley,,,qnc0IZX28.!,07/07/2009 09:34,Female,Customer
hcarnba,,hcarnba@gnu.org,,,,,,,,,,Hurleigh,Carn,,,mus5ILK72.!,01/04/2002 20:20,Male,Customer
lteasdalebb,,lteasdalebb@last.fm,,,,,,,,,,Leola,Teasdale,,,rwu9RLN51.!,27/09/1982 21:04,Female,Customer
acoultardbc,,acoultardbc@ning.com,,,,,,,,,,Antoine,Coultard,,,ytf3FHJ09.!,24/12/1983 11:50,Male,Customer
alumbleybd,,alumbleybd@360.cn,,,,,,,,,,Adora,Lumbley,,,mnr1NMM92.!,26/05/1992 12:36,Female,Customer
hnaceybe,,hnaceybe@google.fr,,,,,,,,,,Heindrick,Nacey,,,lue2ADX15.!,13/06/1980 16:59,Male,Customer
vyairbf,,vyairbf@histats.com,,,,,,,,,,Valentijn,Yair,,,fuc0IRS13.!,01/11/1994 00:31,Male,Customer
dtemplarbg,,dtemplarbg@mayoclinic.com,,,,,,,,,,Dougy,Templar,,,okf9JFM34.!,31/08/2005 14:25,Male,Customer
wskacelbh,,wskacelbh@php.net,,,,,,,,,,Waly,Skacel,,,hji3UGE26.!,10/11/2002 12:11,Female,Customer
amoaklerbi,,amoaklerbi@dell.com,,,,,,,,,,Adrian,Moakler,,,zfq2UWX70.!,25/01/1996 06:45,Female,Customer
pskullbj,,pskullbj@marriott.com,,,,,,,,,,Pennie,Skull,,,vzg2AGM23.!,27/01/1994 02:21,Female,Customer
broebk,,broebk@google.es,,,,,,,,,,Bettina,Roe,,,ynh5RTV01.!,29/01/1991 18:53,Female,Customer
rwiddowsonbl,,rwiddowsonbl@nsw.gov.au,,,,,,,,,,Riley,Widdowson,,,bqe3CXI68.!,04/05/2002 15:12,Male,Customer
arubibm,,arubibm@wiley.com,,,,,,,,,,Austine,Rubi,,,qjf6XBP35.!,28/02/2003 05:36,Female,Customer
smatejicbn,,smatejicbn@prweb.com,,,,,,,,,,Sheridan,Matejic,,,tzw9RKJ33.!,05/04/1990 10:58,Male,Customer
kchittimbo,,kchittimbo@cafepress.com,,,,,,,,,,Kimbell,Chittim,,,fdm2FUP90.!,26/06/1982 04:09,Male,Customer
bcarpenterbp,,bcarpenterbp@vimeo.com,,,,,,,,,,Boyce,Carpenter,,,agg6HLG88.!,20/04/1991 07:45,Male,Customer
wjosephybq,,wjosephybq@slideshare.net,,,,,,,,,,Weidar,Josephy,,,jlv5MQZ91.!,12/05/1998 03:16,Male,Customer
eprosserbr,,eprosserbr@gnu.org,,,,,,,,,,Elene,Prosser,,,akf6AXW50.!,09/05/1981 05:08,Female,Customer
fgiffenbs,,fgiffenbs@hexun.com,,,,,,,,,,Filberte,Giffen,,,bva8ISQ91.!,13/10/1999 22:24,Male,Customer
dgoninbt,,dgoninbt@123-reg.co.uk,,,,,,,,,,Denny,Gonin,,,dmi4OJD13.!,21/12/1997 14:49,Male,Customer
somarkeybu,,somarkeybu@nifty.com,,,,,,,,,,Seamus,O' Markey,,,smm8ISJ58.!,15/04/1985 23:19,Male,Customer
ckirszbv,,ckirszbv@devhub.com,,,,,,,,,,Clarence,Kirsz,,,trc6EIE23.!,04/03/1991 22:04,Male,Customer
gberthotbw,,gberthotbw@smh.com.au,,,,,,,,,,Gavra,Berthot,,,cqm2KVK42.!,09/03/1998 16:43,Female,Customer
asollnerbx,,asollnerbx@xrea.com,,,,,,,,,,Alanah,Sollner,,,fyd6KOA19.!,15/03/1991 01:43,Female,Customer
chayfordby,,chayfordby@behance.net,,,,,,,,,,Cayla,Hayford,,,wjh3VNR94.!,19/01/1996 23:36,Female,Customer
lhaselgrovebz,,lhaselgrovebz@vimeo.com,,,,,,,,,,Legra,Haselgrove,,,wum9IRY34.!,12/10/1993 07:44,Female,Customer
rcorintonc0,,rcorintonc0@cocolog-nifty.com,,,,,,,,,,Rab,Corinton,,,rod4NHM67.!,12/06/1996 22:34,Male,Customer
mchrestienc1,,mchrestienc1@army.mil,,,,,,,,,,Mead,Chrestien,,,vey3IVC54.!,13/04/2004 00:00,Male,Customer
smousdallc2,,smousdallc2@slashdot.org,,,,,,,,,,Smith,Mousdall,,,vya1ROO39.!,20/01/2003 08:16,Male,Customer
ejiroutekc3,,ejiroutekc3@nhs.uk,,,,,,,,,,Ethelbert,Jiroutek,,,qkk1AXF07.!,23/03/1994 18:57,Male,Customer
mberneyc4,,mberneyc4@indiegogo.com,,,,,,,,,,Mala,Berney,,,lgu5DSL07.!,21/09/1991 23:17,Female,Customer
okyndc5,,okyndc5@istockphoto.com,,,,,,,,,,Opaline,Kynd,,,qsl5NJM22.!,27/07/1984 02:06,Female,Customer
dderycotc6,,dderycotc6@ezinearticles.com,,,,,,,,,,Dave,Derycot,,,ymc8KVH00.!,31/07/1980 22:12,Male,Customer
lbewleyc7,,lbewleyc7@intel.com,,,,,,,,,,Laurena,Bewley,,,xzl8MJV27.!,22/03/1987 22:50,Female,Customer
amaberleyc8,,amaberleyc8@usatoday.com,,,,,,,,,,Ariadne,Maberley,,,hnb6CXX76.!,20/09/1985 09:16,Female,Customer
rpayfootc9,,rpayfootc9@opensource.org,,,,,,,,,,Robbi,Payfoot,,,ppz9WMK30.!,26/03/1984 00:06,Female,Customer
cberthouloumeca,,cberthouloumeca@parallels.com,,,,,,,,,,Clemens,Berthouloume,,,vgq8LMK39.!,03/11/2009 21:19,Male,Customer
akealeycb,,akealeycb@about.me,,,,,,,,,,Alyce,Kealey,,,shh3WYS95.!,28/11/1985 01:25,Female,Customer
agredercc,,agredercc@histats.com,,,,,,,,,,Angele,Greder,,,bjw4QYK43.!,15/06/2009 12:06,Female,Customer
ggartoncd,,ggartoncd@answers.com,,,,,,,,,,Gareth,Garton,,,zob5JXI16.!,04/01/2000 08:30,Male,Customer
bapdellce,,bapdellce@devhub.com,,,,,,,,,,Braden,Apdell,,,wxf0ZJL29.!,18/09/1981 08:27,Male,Customer
vaviesoncf,,vaviesoncf@chronoengine.com,,,,,,,,,,Virginie,Avieson,,,klf7PHD95.!,01/05/1981 14:53,Female,Customer
bhamsleycg,,bhamsleycg@networkadvertising.org,,,,,,,,,,Biddy,Hamsley,,,csm3GGS79.!,08/06/2001 14:36,Female,Customer
apowellch,,apowellch@cargocollective.com,,,,,,,,,,Allianora,Powell,,,rtq1UZF85.!,11/01/2006 14:33,Female,Customer
nshackladyci,,nshackladyci@walmart.com,,,,,,,,,,Nisse,Shacklady,,,hgq2FEC24.!,12/11/2005 01:32,Female,Customer
dwitchallscj,,dwitchallscj@usda.gov,,,,,,,,,,Doralynne,Witchalls,,,bii9RHM91.!,06/03/1991 08:51,Female,Customer
mathowck,,mathowck@pcworld.com,,,,,,,,,,Marten,Athow,,,ers8VKD20.!,04/11/1981 08:39,Male,Customer
gdeavecl,,gdeavecl@nationalgeographic.com,,,,,,,,,,Gerik,Deave,,,olq0VXE01.!,22/02/2003 12:39,Male,Customer
bwyndhamcm,,bwyndhamcm@fotki.com,,,,,,,,,,Barry,Wyndham,,,mqp6WPV14.!,19/02/2001 15:53,Male,Customer
ralabastarcn,,ralabastarcn@instagram.com,,,,,,,,,,Reinhold,Alabastar,,,ipj8IEW16.!,10/05/1991 17:08,Male,Customer
kshalloeco,,kshalloeco@msu.edu,,,,,,,,,,Kirby,Shalloe,,,kfc4QXS91.!,27/06/1981 01:39,Female,Customer
randruscp,,randruscp@sakura.ne.jp,,,,,,,,,,Rupert,Andrus,,,pfq8XKS83.!,24/01/2009 21:31,Male,Customer
kkuhnhardtcq,,kkuhnhardtcq@irs.gov,,,,,,,,,,Kingsly,Kuhnhardt,,,bfl8FNV06.!,01/01/1994 09:25,Male,Customer
ebehncr,,ebehncr@qq.com,,,,,,,,,,Elisha,Behn,,,ray3HJU84.!,26/08/2001 03:51,Female,Customer
cfunnellcs,,cfunnellcs@zimbio.com,,,,,,,,,,Claretta,Funnell,,,gla1RBP10.!,22/11/1992 03:59,Female,Customer
jsandlandct,,jsandlandct@behance.net,,,,,,,,,,Jan,Sandland,,,wuw0YXS69.!,05/11/1995 14:13,Male,Customer
ddikescu,,ddikescu@dion.ne.jp,,,,,,,,,,Dyana,Dikes,,,oxr6GUD29.!,24/07/2005 13:19,Female,Customer
cmeecv,,cmeecv@ezinearticles.com,,,,,,,,,,Cynthy,Mee,,,xsg5MBF41.!,14/07/1983 10:40,Female,Customer
sgobelcw,,sgobelcw@google.it,,,,,,,,,,Sebastien,Gobel,,,bfb1HVN70.!,27/01/1990 20:07,Male,Customer
covertoncx,,covertoncx@elpais.com,,,,,,,,,,Chick,Overton,,,gsc1CTS31.!,01/04/2002 15:19,Male,Customer
rboatcy,,rboatcy@imgur.com,,,,,,,,,,Randa,Boat,,,vyd8REF12.!,15/07/1988 02:26,Female,Customer
erollandcz,,erollandcz@altervista.org,,,,,,,,,,Estel,Rolland,,,bgu4TPJ96.!,08/09/1998 02:39,Female,Customer
tbedbroughd0,,tbedbroughd0@sfgate.com,,,,,,,,,,Tuckie,Bedbrough,,,dgl2EGX62.!,27/04/1981 21:31,Male,Customer
cblannind1,,cblannind1@fda.gov,,,,,,,,,,Carilyn,Blannin,,,vdf4ZJO27.!,06/07/1996 04:16,Female,Customer
bdelhayd2,,bdelhayd2@miitbeian.gov.cn,,,,,,,,,,Bear,Delhay,,,koq7HWD82.!,20/04/1994 12:18,Male,Customer
amcclearyd3,,amcclearyd3@miibeian.gov.cn,,,,,,,,,,Addie,McCleary,,,udh9UCF13.!,02/03/1987 18:25,Female,Customer
bpinxtond4,,bpinxtond4@samsung.com,,,,,,,,,,Burk,Pinxton,,,vcs8VFB35.!,27/09/1981 23:09,Male,Customer
kholyardd5,,kholyardd5@nationalgeographic.com,,,,,,,,,,Korry,Holyard,,,uly3JEW34.!,01/11/1994 16:49,Female,Customer
jtorrid6,,jtorrid6@gmpg.org,,,,,,,,,,Jess,Torri,,,bok0JTK91.!,09/02/1994 19:10,Male,Customer
wpavied7,,wpavied7@geocities.jp,,,,,,,,,,Waylin,Pavie,,,sho7WYI47.!,19/10/1985 04:11,Male,Customer
rbondard8,,rbondard8@cornell.edu,,,,,,,,,,Ross,Bondar,,,pwx5QTV19.!,28/10/1994 14:51,Male,Customer
nstroband9,,nstroband9@i2i.jp,,,,,,,,,,Neville,Stroban,,,vyu6MGO17.!,18/07/1993 22:09,Male,Customer
bfusterda,,bfusterda@sun.com,,,,,,,,,,Berne,Fuster,,,euh6UUQ57.!,02/04/1999 16:55,Male,Customer
allopisdb,,allopisdb@mediafire.com,,,,,,,,,,Agna,Llopis,,,lys1LPK66.!,12/12/1988 15:09,Female,Customer
mcratedc,,mcratedc@eepurl.com,,,,,,,,,,Miguela,Crate,,,fsb4IGX90.!,25/02/2000 14:02,Female,Customer
cyabsleydd,,cyabsleydd@walmart.com,,,,,,,,,,Cassondra,Yabsley,,,qim8FKX20.!,17/02/1981 17:44,Female,Customer
ebiggamde,,ebiggamde@typepad.com,,,,,,,,,,Early,Biggam,,,gso6SRS02.!,14/06/2005 10:31,Male,Customer
haikmandf,,haikmandf@uiuc.edu,,,,,,,,,,Hynda,Aikman,,,rsj8CQT54.!,10/10/1980 19:10,Female,Customer
tdemougeotdg,,tdemougeotdg@ehow.com,,,,,,,,,,Thain,Demougeot,,,lia9CMX67.!,03/02/1995 17:07,Male,Customer
kdallandh,,kdallandh@ning.com,,,,,,,,,,Kinna,Dallan,,,mkr0WVJ16.!,16/08/2000 00:27,Female,Customer
mfloydedi,,mfloydedi@topsy.com,,,,,,,,,,Modestine,Floyde,,,jmp7IHO67.!,17/12/2008 12:46,Female,Customer
nkemwaldj,,nkemwaldj@hostgator.com,,,,,,,,,,Nefen,Kemwal,,,sdp8OQO51.!,09/11/1986 15:27,Male,Customer
bkelingdk,,bkelingdk@ft.com,,,,,,,,,,Boris,Keling,,,met9JTJ14.!,01/04/2006 07:50,Male,Customer
gsentinelladl,,gsentinelladl@whitehouse.gov,,,,,,,,,,Goddard,Sentinella,,,qjd9NGG67.!,17/06/1993 03:53,Male,Customer
lerroldm,,lerroldm@sphinn.com,,,,,,,,,,Lianna,Errol,,,zqn0RDH57.!,30/06/1990 15:14,Female,Customer
cpargeterdn,,cpargeterdn@is.gd,,,,,,,,,,Catrina,Pargeter,,,cxd0HXC88.!,15/10/2003 23:52,Female,Customer
dcovottodo,,dcovottodo@cdc.gov,,,,,,,,,,Dorice,Covotto,,,klr2CWX51.!,03/10/2009 20:27,Female,Customer
gwaddinghamdp,,gwaddinghamdp@tamu.edu,,,,,,,,,,Gregory,Waddingham,,,fwx9XKW01.!,08/09/1991 20:29,Male,Customer
rcarlesdq,,rcarlesdq@edublogs.org,,,,,,,,,,Reynolds,Carles,,,xux4YSR01.!,16/03/1993 01:27,Male,Customer
dmossdr,,dmossdr@macromedia.com,,,,,,,,,,Dougy,Moss,,,sfc3YJW28.!,04/02/2010 05:25,Male,Customer
anutonds,,anutonds@psu.edu,,,,,,,,,,Aldric,Nuton,,,tku6TDG92.!,09/01/2004 15:06,Male,Customer
rtillettdt,,rtillettdt@newsvine.com,,,,,,,,,,Roley,Tillett,,,isp0RJI65.!,01/07/2006 16:37,Male,Customer
dtummonddu,,dtummonddu@umn.edu,,,,,,,,,,Darice,Tummond,,,txj9NRE97.!,12/09/1992 13:56,Female,Customer
aheadandv,,aheadandv@simplemachines.org,,,,,,,,,,Aylmar,Headan,,,ben2LRS61.!,23/11/2000 10:09,Male,Customer
